recipient,amount
G7TVjCCKeJogKngR7NwBJZhs1ipky3oP4stS9rEtHTMz,20203151594896
HsGWhcLqVsue45i4vMxku3YEVGF5cYxUSTaa6gwieSGN,161265796277
6XjxbDk9epumcbnsq35NVGytzb5b9aHPodWpNnfUKaC5,19123765525173
EWARp8Syq8cTWGWHtP5LT9fKAn5GvXfSCH8LfAwpgQ6m,180377736388375
AopYZ35QJ3V2dxie66TB8SGcaKNoCyRnn5Jf37WS6KiS,22372841171303
5oZ4GSP4waw2fphYoUgdnChN29sH8nRXbBnP5Qa1TnEy,20305695170345
ECeaWy82CxpeJQr3EG3XNmYXc9NrVeWDH5ag9Lt6TPVR,29117847956576
EBoKqyT2kCabcHXgpF7ScwrHgGUsR821xkTJsHtP2JJi,20253040576073
4ZeGdzfAb8FyyocXDVunniemtuGyPjY43M6pjMQEd2Y8,20184897459109
sirFnPFFHr9b13UcWmKoeVfJfTpS8U1zhEmkn64nmMu,23189997434240
2npYpAQcNWcZo85eB43DnSMyeeVCiks7g65YaWVKp8TX,4959997717120
9ixkRQFUmQfDfJ9sBzJMs8QeBpqz4AeR94n623eaYK2S,20157395979172
4uH4G6YiD5G8rU3mtPg73C2Uqamrqedy3FboTZcZrh6x,220757321200010
LodeuWMHPiPj2PUHUyca2bkpFv9HyzR3gaDBmGJ9TSS,73080321644027
4K8TQcYHjzKyHvReuoPT4pboENga8dYm3SwdgX3UkKVN,20522233735900
8S1VXBgZvCsjgnRAMvxknx5BKT7APb8rFhyRVeeTx1SS,219012102404640
13cm6z7ajighVFYN1aR2hPQ3Rhp4QJenDbHGRmps9P1n,24427436847583
scs1NCSTafrUX6RBx113B9YDCepo1QdEzU8WwEkf25i,53959743239671
8W5yW3AH4GzyJgobuRiSLsz3sU9m1XNumm6rAdxE9qBB,49724580551406
DohaxzeUj6ma9shCykxGxi7FbWnMyW9hzNjwQjZHEDV7,24714241306116
2owZqEAQvSWxKixL1MPtQ5Xivr8hkQBuURvEvJBv9wmU,26417654488340
FnmguM37ximrQQXsJpBjPxem1LSr1CAnaED9JHujAhYW,24348493167803
PAWsME7oYbjt5TRNc11mBa33JhKnQr9AYherdr9YAZ6,270022184698265
HNz9KC2vFPfC7TPmNtzh7nCDWDBYTLpCbmn5QD2UYX9u,23132344910301
SQDS9iwyWvT2mQbSZzuNKGoxuBug5jRHouF6SuMRBkA,98857313420542
GQzMeEMwAR44ugoNCifTb5NdRKos1GduDUPeNh6AgV46,2502395552696824
7LuMjj1j7KjGXBi3TwnNGnXnENK5rjMuLxpcRPVqjsp1,20418329691113
552md3Fn9qESZs6ngeQZkPmmLnYyh18psgDC9TURwbLT,997717122
BmJrvjSqEnXC4wEAAQgscQMUWYjp9yTNW73nzZum4DmG,27582544094155
Fd7btgySsrjuo25CJCj7oE7VPMyezDhnx7pZkj2v69Nk,7230189559936050
FSyAsxcE7g8pSSEu5nx7Hkz44rMZiYio5Wz8Lszh3Nbi,261895391099412
HwN6eoEe9N3kwHi66hpQDBMFPk6ASQGthWKPX5MZmisp,20310882690580
2AKKnirWVZMhnzuwqpizw9SwfZjGpRFLx2zCCNtPWpbc,103092267282131
HwDqYfPnp956giyXf1kGFHkUdj6Uu7UyoPSNn1Ku2j5F,45014628298920
FzaAiLVXh6xXAFCfJNfBVQVYJ884zWz3LZVVmC8iRgdP,206145719886213
UUcsYKGXbrecWLTNn4LK1N21Px1Ra5c3VsFJzAtzZPk,20179087583198
B5YQWFwLbEJzoXjujsaEYhGdpcpoAzz7cvqpXvr6rpSB,27214889493133
AHCGTSrztg5PqxDN1pi59YQbJE4wMHyBrsZ9P6DrTui3,13399163048818
7BTbVD8t98eYH3XV17Azui4cUMLyfvheoJ6w6VtWivfW,30966567923474
6xct3c93fs7s8Dm5j3rVabTDZD7ahtwFDTzydpFTuiEn,119093404784670
8AkVj5aAtJ27tYXeq89cnSf68V43NarFHMx2iSDjZv7c,111777235822527
CgEKzNGbUAvFDGmMLSrqgumjEofTb1GNodzJUujG8DB5,21232007776170
DQCriUSqyokJw5gA7snLqXhscRc1a7wNdgkt2ZsmK7Yd,37969666005343
AfZTWYoFQbzqCMmUBTD7XwxFvjob1FVyCvkaXRryxtKc,110373060423318
2dxz129YxB1xtf7Mx6HUT5JspexArNNtQt84FYueWZV7,71923613232870
TrUtH9WTw1jBVuuExpm3MnC5XF7mW6J3x6oXXA9yX4U,19317962339564
Csgy8jXn6feooV3ztGPhuwCcneWhFFBFCmKZSBwXK7VV,57589300099465
BoLHQL12jP96GP8pt5okyTDRh15k4N8AqXEcNG9ypnqK,20175568193040
2hUq3Ma9FCLm9jtkHbd5V4QdeYLvwEGubHZ1JwfSe49J,90696966963227
DbnMbtAJJeGePLgg1Xy2Bq71amFtLbbVCMdxEywdcSev,20256957450331
mrgn4sJJu5GBa5wbKyjuASzhyCifvcedGoLtpKjB3Wf,165517693444922
SscQkTYV2BFQYGGffAmTzvefrFrw6z9GNYiWHstVZ77,37023743715648
AJKjJQXNPYe7ZUfpPMfsKkav7f76cjnhuyMcRr36qpWr,20095667087560
LSTQqqvdXqt5HxdX6s6DFS1ryM7jgk14a6BFMKhPAJp,127998828837895
DP9iBgK9c7tJYb83KhxQMFNc1LXYu7nE7EhWpEzQnjmg,39191594763843
CMPSSdrTnRQBiBGTyFpdCc3VMNuLWYWaSkE8Zh5z6gbd,1721306703623047
9oJDQSVw9z7Hb6NGQvoYbvqEGgdyzt5SzX73uKRCupVr,30428133511083
5zuNci3TV79w6zLoJZzbZujMvkVZb2FcSPhgv9aT24AK,112295236634040
rapXHroUoGG3KvZ3qwjvGMdA7siWXwXpiNC1bYarvSC,60133520706501
9J2PT4gSpxc3pWbnKH5shvXTazcwVpA5XbnF6yAfuFG4,20405123976356
6kEtLATdCXttEJs9iXj8DfFsWYjQ6uUysN8KWxshJKLu,20296055634612
3fnhNULLwi3BEyFUVS3qAqPjwegsNDTr3k7C8GxFbmau,20852237212725
E99w1XfS4UNM1xUKXWEuDmj8Mduy7u65jm2NCULTspSV,67359809558041
BirdeyeK5yooepHNNgaW2bGGDD2jmib4oSRFTHyELbZ1,102421389868797
DHtQC4FPAQrPvppej6SvKb5BhVe11kFmrTHmUSKp5o1X,49126626426
E9hD3ikumJx1GVswDjnpCt6Uu4WG5mz1PDWCqdE5uhmo,44249078007299
radM7PKUpZwJ9bYPAJ7V8FXHeUmH1zim6iaXUKkftP9,234040090966332
43t4YbjyH2XCnifhBibxhzQEpcLrk7PFS9719DHMSFfA,24972611619032
GSTampk6BJRKSDkzhaMM49R7qRx98MTPYYWvKbp83XKc,2502415687586068
H5EhFXGKY29BNcDbz2k2pcBeRiFXXGLQ9exHmirfRuFn,20219464196507
9j7JiFdRtcenL3dBgRQRaiS8khGaxSUozrCmKdAfnmjh,20146964765205
451X5rboJpJtXK2gj4dLsXv8yCGfujqus2HsYjMkkSpE,20224587361738
4nGV3oRHi9Fkk7HwakFS1ZjVq6U7M2v1p5xLrAbYLQtZ,145493817618547
2ZS2DGFRDD7WWSzqkaPoqURVknoMdFVFWDdBRKNZuqct,21645682185154
5gYoQH651psGZQMVoW6Suvwsz1GNhbQgN4NXYKqd6d4Q,20880915104736
5rNErxSxMj3WysMx8bC8vHkbrt9QmwMeG9H6aTp71485,20232841634879
ACvL73V4GNnxPVfZ7K89jCrYurLyzpEuE9qirjvh2Xmi,278939535808532
GQiWnDYrzHMALWG9avt5FCu1wisAQHjGY5ve7GMBiPEe,201801332355408
Gd33fENP1XsBimff41s1EWrs2kmqfGQqEJ5CQPQB3Jwy,74369436821014
LytENd5zY8d2nG1o5r4oz1CX5oHv1W13HkMmPgo8MUg,121350219728133
FFCXUpP3sSBBvXu4t6uoezRWfBBMxNf3juYJa4besVUs,18464155797937
2icWF7TvxyycF7d1NHpMZYuJJqiRy2h7wmjFSbqUij1B,52811022567752
bookoVmqw4QjVj5BbkFacouadx9M7816wyRkfM7A5Lo,47034715088242
3ddX9QcC6DjFqPTysrFWtR48v5g3wJjB862sji4s5Tui,20187892013025
8quzaRSxgKQr5HaxcLHXk4JqqMhb2J4PGokqjzy1MFDj,84214309698177
9CJKNW77HfjZf2jrUpdecDub6a5cb1MtVFv7hrXAeVwb,20243708357789
8MZFWowte8pHb6zJXxUdogUfdWRbqu7fGvaWRXtkDP7X,26815844581275
CQY7Va3CRCiwEw3ZEvdtZDzqK8A1ABnqq7Cte5zpGMnW,1142319984
4XsMU8KWUA9JShaei9GKFVPVihx6WZ8hpXuVgQPkAMFg,106813078180
6j4ruT65Jk282NwLQbZbcwT4cQtrn2mSgqD5DDXtuVCM,2634925211963
7kwZc68XSEs3bgPcHjh6XKUG2t5ocWKEZtnVJYcEjvPs,90079062373280
7Gjec4iDbTxLvVYNsRbZrrHdtyLByzdDJ1C5BmcMMBks,20176532468008
ESNarF7DFmuWEfw8sd2A9uzjWxGuaF3BU8GBiszW9pft,20255677860389
DwGEK1ZSC5SM9e7Tkts5hLpkUffAsFUcqeLr2zifaXZi,20109607474536
HjFSnMZX3mUgEjtzrS322dFcMAtzYon3xkZbMzHe3KWs,20182067714799
3tzpLMWRkWucvTRWU5PjgKzN1iwJuV69yCCjmuuo4gTk,245850478443164
animLYt16FXKhMLf9gEdZJbrLCsthGtj8BYSxYLLay8,525475898736
94HgFvsD8zm7UXJ5KJxN4zW5nsdhZWY2LFREjfaFEHwR,378272431798
FYWeJ3uyJRHPUYj84ebhPAa7ZTeq9WU8LHQaKAgDcF74,20179368931450
93fX4gLgnUkcf3vmGBzuNKEt4em2tHxgmVcbq9vNq4jE,182807776326477
indMGAW9rPd6d4Pe8YoN2gYRhUpLmEDdSGeQVo6kJ46,19955652592294
SFundNVpuWk89g211WKUZGkuu4BsKSp7PbnmRsPZLos,36948424857243
gangtCrQg5RmKf5yxvhvZThPugPX58pDSdQ5UuS26vN,135231665822311
5TqMpx4wDLRn7qNaNxJ1bsznrqAhF9meoxcpdY2Bc6Es,49783589976451
juigBT2qetpYpf1iwgjaiWTjryKkY3uUTVAnRFKkqY6,489656298861024
CBUGET5PnvLc3HvEeFYj64iTvdKhYV6pujTPDdDh785K,62857278232507
Fx67BgATzUCXtHKX9qDaGGKrANLWhLixjMuRT4dT3JKh,20233285015080
CLdRznGdzSXqpAu3SNbYiaiXeDfbe3hJ7ZikFKybsSdX,20172704134230
CVRr5oHCAAooVbYze7CvXtRp4FUtkMCSqBZU7MVu8v8e,116428330480266
rusx3KV69WGvsEbWa2HxjXp9GfHpjojM94BqsnfxKhx,22258034876620
87aa82cCUqVUWza4WvGk4wNTRJ1aZzugUvch74r7gHQd,222328710112860
CXPeim1wQMkcTvEHx9QdhgKREYYJD8bnaCCqPRwJ1to1,3517915827770030
GnZB2GTH8KJKqU3L4tR42a7BnKXxvgS9rerGMAszNCp,20103205431704
GmJZNahpvdqMFTtrqjLHC9UcsuE83Xk3DmgrSpqdWhWr,20379301346455
8U1oTx4EvAgqesgaemAzpwrJsysUHEg8bBQ7Kdbp1W5X,149940098033861
HKjEo1L2wwiJg5bE7mQQq14t98mRSfbQfrCWTYceScP8,20230775535989
KBoNKoxPjdEmR4TrV9wH9wi96x9vSAs9NET94h91SGJ,102750737754781
scb1Z7du8NVSaHFXsafSjRdXr6xBjWR3iugikL739Y1,53957329027939
8c9dYBdnCy5446dbf23ZyenuJRSDqATCXN6DXgKGErLw,205400546598856
7cvpkJPcvNX1DpkyYzP9vtKrLUr9xEjb8AxcBT56bnjS,213718344610373
AmhQFcGvH2hjkucP78rn6GMKSbstYwyFpCDVKZUwBGrG,50828520803155
FUNDTXgtnkfuhK6G6JUi5CzxPWeZNF9n96vFuBNGFy1v,26509472907
9bxGPEvFjGHqpAHMkm97R5d8euFnpJ3ws83tMkTbcBUJ,46637358420972
EuFGYR8gvg5SknEnYj8iGneaHWNkGvhYrE5ydvXvLpfX,30838077726007
2dR71LgjkefxKSYmPGrbHVb6rzYgkVii34rbYKJuDcn2,20512270963247
BrHkKTdfk7THE9p7mfEW9VKwxKXSZUCWQw4RLQwPWHEx,83245178717320
Ee4qAkGpWJ76W8nwpqVH92upDrNhzpv6dihAFxwMHrjw,20293920383928
5L6SdhTp7QsJHrQAxHRQ2NEH4AfCApBKDgPwuF8F9Exf,20132115177489
F5ERVawfscHaqdAWuZ5eY5yA459B3FgR42aj1hKWNjNK,23512447051426
2dfgsiSaZ51QYPsECMYMG247PXxyKdwkV9wTHoQb8YEC,298807732061885
DLupiSkASr2wkSLazQodYL3M8v8zvtpoGrJ1nLc9bysK,114113178132892
2nHwBDwqtQNTbCUwhttsBUHnQw5QJwuDNGvynNtHaEx4,19983991843376
Aho3hF8mqLmadyJdUFpoGidyo3fYAt3ALm2QpAo8wMX,23568429079602
Gumx21GXCW5nPhMfhHw3Rd8uW8LkcBw56pw6YEpXcTbb,20261847829596
AgG8obWYeVY6nSkPYqDHXfssxdcG68GkuBikkearYRv1,37088747715242
85YBDL6Wf7pdJBNqqCEuW4hCD7FVKv7gqnF8cKZycZmA,2037902157342
3Rv6ZVGUuRczP76322LyhTTYw2iM4avV4B5xFJocQJer,220251494178830
HYLS8q5k3S5qPoUfwTvcUzyLJ6wUsFoi8DtJVryH73KV,20281910898709
EGxRiYuhVeAW9z6g2vXrCiMsqUGoE4FUi8NkqNnzky9Z,185027805344960
ARF8ETYuMQ5wvUqgbWBLSKe2Uz2ytHuvWEVoybwcqk8c,111175295432478
2vRvja1nwPE8AFscyYXH5rhYqjbZGMMgTc3D2NgECYus,403961362629
CyUEJ2KvRCDZqPM5PZ7RVznyjsto8zKc5or6CJZJDPda,108960724040448
4JahMMrVRS1gimWoXpD5H6KwKc2MrsoTDFMaStMttL1E,68531561012601
DaVvfMfKshGMtCTrDnsdiGj1FhdCVCJSTjRRwuZgZy5C,20344534541246
CgX2X6x4kDpxbmAdAPPFFCs7X26b9V8i7hpeYTRHq2hS,20172828627743
JACKALkk85FyW2RCbPbMUgZXe8BECS3fjEX64ESFNSp3,7169308205745
4LSfKc2sPZEvb94JeKvySeThmRR8ySBWwRuMz6Pvj4Zf,19798923964491
BtJei4AagS2viyJPYVT8FVhRiDKW5YyusQuqjVbtG3Hs,28643552707609
Aw5wEMXhbygFLR7jHtHpih8QvxVBGAMTqsQ2SjWPk1ex,2499999939665440
yki86o1JZQkEoyXcSL5eSaE3HtDvjVhkZTBRTYxGmWf,2000406
4J9HoqBamEDyEKGDZgeRjCpiGCirHzqP1CadWmznrghF,20555947645187
5Us18hLZPXJTS4QVuGSsUw137Dyd2tgBaem24Xsf5nBS,1207979324901175
HrpWeJSYnQVtZe3BKxFCBrAEr8GRCmYUbQev4hoGDBs6,20093864401971
6gnbmed7kzwQVQ7ghsjgEuCoYmGeWciV2qCwni6WS6HU,120335426226713
F3tdN8SoakjEPb743VY18YyKJWYHo6rojV3nkas5YJh8,21299441873262
EUVBn58XXTX9RBTm1R7Wd8n8JkvBMQfc9uSn5wPhbdBL,21519726409229
CjmXSapt1ouz3CZzgkRJckBEwMSo5fVdVrizLeRscwYD,534422201116631
3uvCCYvLnxU1QsP3d9NXBLQyrAPiLeKfN6iTUbZdhnNM,20160500459460
7zAHbRxEQaNjKnQMjFm7j8LebHSGfzsQDdm2ZpUNPa7G,45006021008029
HaLanfo94ezLc3JZ55qqxr7W3qbe1PprJyv2uEtriEqN,669929925006036
AiBEt9kE8yZ4CnaLfTCGMp7Fg2wCtqhPTfvJ8D3zrLfu,48229461300509
2iXZmNQmmgE5ZeTQ1GMhhYGDqDr2BiqdEu3DbGJDo8MA,20098452587970
scs2Ra91pMbvqFAP7uitrN5U25SoyBTqZgBbhpVMJko,53937812742143
EohESr4xHG2tmzL76oaL6NAW7ayA89rX8Le2t5vMoNPR,106083852481966
N2ARmakUWwDStHXxiBxj7V3eMA76vZ5eUWDcsb4CXdx,20128109844855
CbyfiyQAy9pyWKrAv3KViqHgcDPQ9ECmYx3eaQoV5hBw,184862684386936
HwdfNWCqP2vXRvaHqQhoVUM2uPndaY8DDJzzBxCoPNHU,20234827230535
G35uLP74uj4eCSfMs17ePKtK1ThuH8JKebAP1T2y6CYw,20153712784418
6xUK9Nbonr4eoJNtHGoUEMmYKoPz5mipKzyDBv6deX4d,216095106084128
FBbqKvwLfKGZrKrfSbPJz4ymQ7zMarhRyZtu1RBkSe89,511508782909573
C1ocKDYMCm2ooWptMMnpd5VEB2Nx4UMJgRuYofysyzcA,1206161619767432
GaDoLNbHGYVBJKetk8eKJnnWq5y1y5Li1eRGP97FGsfS,21367158770586
3tm92VTxwyZ5MDhGoYR4tVTkwWYkzfam6hwBjauUACCk,99640283167381
7MTjmteQHhthwwTZhUzsc2dP4NBvGNRqj8jzdqNxHFGE,43829122004318
BPKAfGkkzF5u1QRjjB1nWYYbPMUCMPJe1xZPmwEMNMCT,84055758015578
9At1zZEmGvuHHjDCh2mzfu7EKfn58xgJ4QKKoN9H43dq,2222639506
5tFvFBWUPt94HQuZyMSuHnpcHrjMPLrTg8WBbv9G5VqU,7656967690645
Frog1Fks1AVN8ywFH3HTFeYojq6LQqoEPzgQFx2Kz5Ch,668230157226188
Spiky3mMSLHGhffuEhYR7ptMNZ8NddddwrTjki4VhWk,70913453866729
Ey3DkEVbfBxfWmkTsG7Hqj7jshYf5Zx9H8462Zjjkykf,135556183273331
BitokuDHQiAhpUKrwx1VssAAoW5Rst8zB6gpfoaxM3Kh,222967669457749
8TmL4ympgFZJb5xeeEDcT82UAkZRBmZY72qzTMXJR29D,20070729130204
DChRyhfTosLADCyHj1JU69geyrWm4ov2SYyNkqMN9qgp,20605704440807
tYeqa8a29XqdD8xUbL5S1pAaWDt6ADFKCPytqFxPCwL,116193725140294
3WFvZucjXgtpPQNZQxgET3sHAPrEwbnXTpqGjVzcV1Gg,18487640325547
6aiX7kVpUovCpbrLsMzG92qHcyhBrFcviDWHn2VzYYGB,88754084985964
CNRyYnXZjryxNdSUwztdmVFVuQPXvugQ1d2wtRTjjTb3,33088349274150
ABoQemRyVhz3zvzP2C5nUmFfezkqn5KGzKoeMhk6zYzh,21482320224840
ExUKHLfE4hNEsTx1TN4YWxfpzkGv3eVujcVp6Ft26mAP,20175537235451
nymsHergYedT9CJMgtGMvqXUTGcbs5o3MiWTJUbqTGY,232209841842055
SerGoB2ZUyi9A1uBFTRpGxxaaMtrFwbwBpRytHefSWZ,134560890573648
5ZjxMYBbnKd4VFxLjAChSWMTeQ96147HnxZvQJxUseHV,113399758337847
xx6jU8CRzoUCT2RNCoomRqAokWmvgVymxRKtyfvQ4CG,20135052808769
8M2DJQmd7Gka44WQC5Y59qjvfJxzRaekpuy5zXfekG1G,20148166174074
5NiHw5LZn1FiL848XzbEBxuygbNvMJ7CsPvXNC8VmCLN,162957136976175
zeiUD366nfvMkbMn78QzyhWs927JASUb8ftaCNEyjCH,71693351392575
LeDbQ99QT342j9S5YdyXLrsq2Gu3T3dMGajExdAuE3V,80740232065068
9aUUBU9AQvgeL8GqSubinJWJxhcXptj3nmvhVEAme4HT,142018707937537
84Za5eXvehQLZR6Xqhe9WT6tTcCHTVjw3XU7GCbBRNfW,27251441852082
CVvaeDPR2o7P1eawG5c9TPFLzSXAewwPovPmREaEL4Cm,555319691661460
5VrW7YNBccVnhnZVmooCePdLFcs2UjfxRT3hoY9mN8Ec,243912151503016
adramSYKBv1yHoZTub4kepcmF5LybPxwyJcsz4fpfi7,175526667865925
BdoWLiPQSizJiHHS6WKHNW2cFZ4yNyidGcSkzkm1n3oH,20897641565400
7mF8NZJdREuM1uwYcvKffuY9QJBEoHhNp4hZ4NS2fuXW,343579739268769
DtdSSG8ZJRZVv5Jx7K1MeWp7Zxcu19GD5wQRGRpQ9uMF,9900483096223869
DRpbCBMxVnDK7maPM5tGv6MvB3v1sRMC86PZ8okm21hy,11100780350434335
ubmPuSVEsbd4W2gi85u8ZPisUNRUTVMXNCTR8AxDaxY,31599886269605
6oscnrXS6LBipaXfcbMhQLm4M6bihhsxfTiHajvtYy9F,54859068790066
72i2Cdw5aa1S11uDvhfZVGGtAW8FbyxaBRN58hQqaSMn,39901331932643
CmHAicGXp6boDhgp7Kb1JbPcvf7GstyK2yMyMxZY2pKU,37710910382372
6TkKqq15wXjqEjNg9zqTKADwuVATR9dW3rkNnsYme1ea,2422776681557535
9jDvpZLfD62KKs38fdsFbZza1SgfGBW6KvbqsNRHexak,1192153352320337
GtGKD86yixYZ71eZJaKyxtxkkrsLpG3XNVXQhc3LwDk3,24387789830338
6k1YkmTKwPRUhChnxA9ryJmbtuQMbro4xFTL6mL9jycB,98257840792263
mds4GEuiSgQRqveGyktWpETBFCb4AS2wDnhqwLHcT6Z,312813758608452
AMukCLCr52XxsEjXoDxKKxjNg4FpnsReXNaQx8aR6DJF,392717034517525
7Zm1pE4FubFYZDyAQ5Labh3A4cxDcvve1s3WCRgEAZ84,1614411497975418
2EsGVtmMHo9phRWgazxjXDdu2J1yDGPp9t6Lws5SkDWB,27031695675
AhyLPwqeE8zg7fyFjuufH8k7Kq4kNS2eARRq5EKNGRcT,20116468025999
7nngV9xuhwHEScyKpmzx5rvAqN7YMrqBfXTr1RDrXFDR,23209826006994
basedN8GQrnMHdVuKo5G361oYFfNy35Sx4UUKwztRfH,225461506052193
EqgfgrWR3D1As2aS7tYjoHfNxgxcfNYvdUL5zCsXFXBt,11171607571976
2E2JPuFhjkQvEJEeNGqVSwGLJa5GoFqabQTutGjg1bzw,200461172223019
1MuaDGhuN7KRqvsupUcYmq9u1YRh1pp38hu1WV2WC6S,85360892775436
FyLVPAKkgdAy8Gn9jnFYN5yjC1ubQWRkw2EHt2UnC8uA,29319172744169
85yWeD3e2iKHKse2zGcXTj6fcJ7gQ4NwYZDT3au9d7ai,20158903101517
9maF99FLLAMh5v5JKG1ZyRZVBVsT5VkZnAJzDvduCpJa,301899005472812
By8MseMKtZQQaQjMHJiyetmc5AC8RZZv8C2ss33ktrHt,32357224209328
7U68WfpxJF5W1HjVQ2NCQr5EuKhNSvSRAnmWTk6225Jf,34098494386399
5LpsYxnc9m9E3ZZDa9EiqHqr3VcJW418kmMK4N7JHSL8,20268326162754
AzNsncYBQKcjKkmSCbQSV77KhH91pjAbkD2g6F46dMU5,20209121983365
BEL5CeekyNyWdocqr2YXTVVvYwzeActXNGMPJhmvFVsb,191093376881015
6gBnV7HJzrYEDrrzoBnNV6xAMPKVLNkPyh8iPRpcU5kB,20243771757928
4daH8Aotxpk68HsMvws3P5AQL3F1gVTA44jqLaB2GuGx,54733936130034
6NmKxzGAdJ9ttewC8hwJEFaJdn4GScjpqimaL5BnbWgx,111527853861950
phz1CRbEsCtFCh2Ro5tjyu588VU1WPMwW9BJS9yFNn2,235402135239523
mLyfgvyTAuEBVyAZcqyWKJ4SnM88Tqv2hFMy68y8hmY,20648348486931
MCFmmmXdzTKjBEoMggi8JGFJmd856uYSowuH2sCU5kx,75825016240860
BtsmiEEvnSuUnKxqXj2PZRYpPJAc7C34mGz8gtJ1DAaH,5343732833302373
mineL1YNwcRnxN93B2sX6q22R11WfRqxnY4NBV8KfFY,24195083492842
EBk678aQvc3cUkfGyoehfw21JQfJXjmWuBeopYc89RSV,80348273672844
DTvHtb9Y9H9xdwcwpmmAsRcfqgx3RV8BSDFYScLpgqT6,20185103535621
3B2mGaZoFwzAnWCoZ4EAKdps4FbYbDKQ48jo8u1XWynU,676384194117629
8kKWqYja9tNyFRW3PvkMj2A9ERvmBwvWvf8fJqgTD4YE,21420778166198
5p8qKVyKthA9DUb1rwQDzjcmTkaZdwN97J3LiaEywUjd,61905758889793
CptNqx18G3PjTz2dEq8GyU6TtTGfd31TE87mH6y5cRHT,21071919003469
4SsMncJdtKiUcDtukkX15mqei7WiuQ9yvRtQrQW4reWC,37618424188382
D1zqVW87NyyQAuGGNJVLa626QjQsEmkEmx8XynVMN98s,20793829963555
J2895yqMc1JqrWPQ2ryDPn7EbozZpAoCCPTy3BDUME9m,145269768242695
Bat6DHawBwy8k4fqsrgkSMb33UWWCDyiXH9AUQBrWiGX,103406155889540
THWsLPufeq9LWs2H9vYPbtFwdxAHbQHvSbT6pztG8x1,13378289082972
5marvipGzf98hxnoJFXsZbGHSXcEQ3yRGJ4ps7D3V4ou,237754580139820
LitxAVo3RnYXD2sX1TyRJxfnKy48amXgyGiysPZjZwE,16794434618988
BLhx1pi4rCLZY2qTqLmUAueLXzPzprhaiarysxLbFwVa,29443588394568
EWoL98D6ZsVjsTxx1dipex6tZJot4DUpcWtN7cNAYsyz,20534564871600
4VmboVWgpQKM9hcULoYjNdhrDsy8JDD1S6uxuU37xEBE,103279187091834
FJN8ryNvkm3QAQufsjJmJ9eGPpK1D8hG4MawATqZfFhx,6190518457363
EwUVzgSPe1zy2hfUGZxJAEP7Y1wheNgNsgratbzPELru,55247600158911
BeSovDCzhEAfgwDyXBuhmCFKsu5WQ3PaX61GEfteNzXM,172346760705493
8JpfpVyew5Y9cLQCHkt5gqT4vDZLL46ZknMbSThVjzrg,321223936800380
GMJTCoi61xKT1QpXGbpAeJevwN19Wy9eJPPamwiL5PWy,20117583442658
7CR3Jq4ny2tsr3DX3DvyjoU8TYs776MGkU6nLMWjAqCT,678878697866371
apySoL1xCcCH6owdwZv8r8PWVyCHkGTGTHm5PCxsR3E,100463215154318
DXPk4iAzYboXAy2nqg475hMycGXJACoga5LqmfJXM2hB,191574920899
VALiDcyCpujxjJAZDK2av2TpMAigpSodzj2ApqgR4e6,221941117686777
4Yr8jy3Gcwz3pkbsoiJmmHvytxenRoTawoVbr69knj1C,39308684292190
7QQGNm3ptwinipDCyaCF7jY5katgmFUu1ieP2f7nwLpE,1875000953466200
D32cBNvo9qmMyMSJzWqDPQ3ujYFuW9HHNjVkwxspezQr,3651396267
4642Ley88Zs7dvEDCyNqnesH1TBEisyx4GvgwXSBzGjR,39925121575860
BR1aTt4ZZUCwWJDkSYf1hqkYJjo7Mb7Ar8iVTkeSwUB8,21770179579090
8mhdbYU3PxALpTfDrdTYvk5obaGxL8ATQMvCLXW9SV2L,213012974639225
4Xz17Lsc6miC7UUVcfbrZhBxgjySEowyH6f8QwwVP6xw,16551830044360
FgF45YaaF57X8MbcQz2zubreiN2ffovUmKFkdc4b8eKS,20749015973859
574rvsKGZg8rBuSNX7k8gG2mHFvUMwt22sSgJJBMCQVy,25002909097870
4guS5XP2wgDWecZGgvN5UQmV8iywTrKGaA7kv9hj3tk7,33968337718453
AB169wapzUT6SRh31RJoRjiwR4bifF2eDkkDiFjnyRCJ,21245148345765
CGXbP1cfmydnhHx2HYwgJfSe1UK7k6AamSm2YcpYTJqr,53059805562993
Cu4M3yd2LfMoGhmYxKszhVH18SPgt6TQvqnE4AWjNKwd,23123639740191
8Q7K2irCbYfEG5ZWyBceiytbL1u977gXqw7UaHZ55Awo,205835015989590
DJHsoHQvqYjb8G2Ni6XSbBSHxmycMAsZksRDytQ2bntK,498329632671
FCWkGAHDWK41ANjiaoPudkCZRkvTecaEkoZQugezUnpr,154980164266049
9D3o3EYeknhTrRvXS1PnD2euGXnMFa3HwpYBq5gPZJDA,36581121475880
BiF9ZbQht1TgHwWEcrbMQFt37aLEPpNvXWAyd7SuqhpR,21863770271850
8gcMmaEAXfRZKcXHeHV2x8R1ebb78inTr9xhhEuNNoTt,21101075314151
FugJZepeGfh1Ruunhep19JC4F3Hr2FL3oKUMezoK8ajp,803529922935346
HSX42dhQPTaVjtwMQXwGTCobrs1HnxZ8G2J6JTnPXpgP,57062887811014
HrM8x5Xn6ugoHqfLc7MCr8K7D34Z3NBc1TcuohCJ2ksz,212124394966149
AptafqHRpGk3KCQrGtuPGuPvWMuPc4N15X7NN7VUsfbd,204544116098878
7ZSVbdE4gTWq7rh8d6a22LoMmSCHNB45aBtnHD5C5bUc,20225838290038
FnRqe316RrxVBv85EzMgcuWaVLZYYuyEq9znJnSZAu55,268194101361390
3KNGMiXwhy2CAWVNpLoUt25sNngFnX1mZpaiEeVccBA6,62970103109371
3L7DRu7kTxNX1X73KxUDGeKjtHEhN1fd3cfBzK9QhH6c,3236739202401
4n2or6zoFFSJnzihG8NEHsqHQ7W39SVDs5gYeijc8u5d,27464340504815
9r2CsyjRTmTRtu8GFk5oJRSQr5YfSENxDkf3eox8iPLa,227428527549905
3fHDpgV7GG2fRirqYNFvAUfH5BnbQnRYDqeJBpVFKm8s,19743727994870
1NF88KpPdxVAwRSc17cEpwmfusxrrkRmR7G7u8cEva8,26626788869103
3Uwkpd9ZKxhuTDWKuiFbJee9Z1ZJPxpkin9476Bwc7Ha,20170223590519
keSVSWNZfPBeQPcwvvkkerr2Xd6XoFUyPeWwzHSUdNN,35614347374764
GqHhyk2qVfcd6epF3dft9kZVR32z4edtZyjkp2BvFXUt,20074997321829
3JotfSFPaod4KVK7nj7ULvcq5PjUBdZNVGracNkJNhrt,1566399782840600
wwE7xHLfPd91XRti1AAzBv2zTEYayNmUh4bkJNSvyDf,24497654877727
8yjHdsCgx3bp2zEwGiWSMgwpFaCSzfYAHT1vk7KJBqhN,146009644802995
3V2xaccDpFib4DbTksdiveNDmiwpXBqSWyjSof3w1Bg7,248910393062748
7NU7hg2LyMeu7yE1zWGoCf5EU2LzFeeVaGKG4QnQko4U,20337378745103
2RwFJJkhr4tCTuQnZN1CFpAtn5s9pTzakagvu326W1FT,29397746526596
DB7DNWMVQASMFxcjkwdr4w4eg3NmfjWTk2rqFMMbrPLA,680110101266619
92VEPQZ6VK9x5rSxw6c3nNiVb3H32nF1ZeaeqkaFXTwK,140471196436072
CtzN7ysR5rX69qd168Aosbuc83mPozhi81bEHbG7ecNP,40513296597996
GS7tvhfiU36vp8q2d92buz3dgENidvA3bWNpRDFcvnR2,201911888860720
CnevKtH5zaThFqJmpWZSBzjEMY8bsWiVkkeP6GVSMVgf,20251373189260
RNXnAJV1DeBt6Lytjz4wYzvS3d6bhsfidS5Np4ovwZz,558914816625986
narPxmKTwkUxvcXhueccHT8xbE8og2Vb7NrLBm8kcrh,30579047709758
XkCriyrNwS3G4rzAXtG5B1nnvb5Ka1JtCku93VqeKAr,1765689278320068
EReBoRDj5Lv9y1FGPXxFCt1KAgZeKqa8zJNZvkoA4Uoa,131110942477516
A3Y4SRHDLUotcZEEHPAwUsybwnFkWDRUSFwbFPAic8LR,20459689048441
GUFNuRw9JEAQwrJR71mRa2LbMRyrUfziYUzqY3KQwAXv,31377933659666
vahMVcSS3v6uwyFormV7FDAUbQSHwmy6vUedp1P7L42,75703600218157
sce1oTWYVXv7a7Hy2skxREozs5nwkQ4wDT8XJSi5tgE,53932277122293
3C2cXXVHCm2w2EWnHUNxhtZCB2EMv2AeJ4TpW5ws18fi,196992918544830
7mcgHPHLfdoVn1JV9pQp6y8dbx2QF4n1STRCyG9wJ9rV,27886718446260
BSVckjdW2f8kcXPGcrPPtV9kUDBZ8w8PjrrGVnxgEdwq,2502391137720913
Certusm1sa411sMpV9FPqU5dXAYhmmhygvxJ23S6hJ24,2463933083420562
2PawEGWYNpMF6a9daRSVbUgWZw3PkLeY5VR31sKu5MYx,20146038965218
W1FAbXyQJ5iPghy12TqPktwobU5kTD73ZjA6QZCvsRp,20207352111800
BeaCHioStqCEFDFxKwAEzyrUPYxqnBPhJ98gDKeEiTPb,462463354426749
eyeYaqg9e2L6xw7YwsSLm27eWJfhLNAm6ETQm8TXNoK,55685452227347
G98hD3T33SiJa8WcWgJ9coT5fz1F3ciwJjKnecxxd3Bi,16451993630456
F4kMP5Sn9fgYLK78CHgMqSgvLhw1teasc32ynvuMtHjh,27956430507655
5CfFhpErZrKcrDLQtB7R9V66cAvQkcc6NmMPeA12vDgS,115004647690816
PRGNnb8DxVcP2WjSHfVRGgc8SkA5u6dbMwoTVV1BGKN,264772906819653
FLWc77X8dKh5RdJe5xMFxry8kvSVUbo9G4MQ8hCAg5ve,20109621949055
Fudp7uPDYNYQRxoq1Q4JiwJnzyxhVz37bGqRki3PBzS,44630030130827
4kpGkEypMTgqSDh5GEQa2YZdiHsnPse2L2G7fPQS2Fvg,20082485384239
f8JPS1sKWo8ewAUu6sufkDRU1HRCqYfegExB9K6CPA2,24656069152341
Ed9WjPnZfAXsPttcqxMwj94qsuXVRyBsyXnDkxFva2Zv,85022640494466
7ERj2iyVMkFZuvvw4mBWpoHLmRyXE3qGanNMMxjHS2rS,472829858184
nodeEgRVkbYLAQePtMx2zCN7CGw7qRgzKMCBtjMfN1D,236225040632498
pitMDEaMmWmr7qP8HsNqarPQkd3jhZbLJibhhQnL5RG,23587787845306
2zykwzzo1pd3H2oSj5j5SRLTvmpa9Nr2S2Bh8tTVd5Tq,32481329485034
GijCqhamYxPnGyVjpwno7gvtE68CtP49wbRLA1QFcVgh,212171822344573
23SUe5fzmLws1M58AnGnvnUBRUKJmzCpnFQwv4M4b9Er,365939385825270
A9mvukTd77EbRoBX4ydSCFQHdu5bsRFkNXTTRstA8FAC,1234490218142290
AVZ4FNgAd17BXjRBRLLwAsMgnoL42bPFnLzPHvZe2vb9,31270519235967
4DBSKsjbs66piUiQ6dUjw6cdVzAGc4FgeWSZ5UVPY5kr,54325477374869
HJJH3tokNTy4FwEg2vABnbyUt3s51kyfL3pH26zTZqhp,20220690997062
HH5dA42XF1HxNk1TRpG6LuKfLViMYNdAz5iWrFM4hWFi,357978624826091
DtTANarT1CjdoLvF4SyRCHtCE4hAtNJcuCy77vq2y9d4,20223574247510
88K3vd8E7f2jXBwfNspzAYXKZuS7erF1w2wk3qcHTSfh,23348372802221
86ajwRu4xCfhM5ALAaHJqn1RVZLaQapDkGcnuufyw6Ub,52341652164857
2x3pmdwex3s71i8c4VvnHCnYTwXtqPU1LgdX5BLDtN9L,78860712033399
ChB6C6dmNujAi79XtQLPKLL5SWdNLMShA7KKnrMMFF52,21122337347261
7Hp1e6BrTBkbBN4wFiNmycPVPsjvyUUBL2tGhYEMT6gt,249814551299657
mds1WWedpezW3qvgML4WgP341jZksYAy5SbMLwjP5KC,52865654198912
Bkucd9XTD2geqNsgcbMcqsSnLhqfHUuDvAUSGCXsJBdK,78980921012618
SNPRUBQxL9R2B9WX9B1Qt7xBRTASz4gePDpkxJWTZa4,29988932333079
9kTTMvxVjE5Doyr9QeFzrx7ccK3B6nmFQZtn61JFe4uD,20312874464995
dXtzi9ZfaenFmwDDCshVa8MKEejuQUTRC8bTW7vrYBq,19973115887877
8bDP7mZsx6Z1pZbRoMtzj5AXaqoyBLqEfgAi157AnKJX,58813588289002
CiR8HNCfkjtcongPmP2DRdZPnFgjSbN5gsXdjmsXXHcB,40090756426613
BWungpcnz1j9CFuxk1oXtLZ42WgnRpGmYxS9ZVaoQ3hJ,16375998458894
5AsoSeQtLoN8eLsf3wKrR3LwxHME4sTBGR6dpTCP1k3H,35145321877930
DtY5Bzxd75iWQRvKwM2xLUxqwLT1RRoeNwmVvgS2JANA,210296969487367
4BevYSucyVnLL6z1ybHh8KH5FnAhJCbX5gYhn5Dfz1FE,39427148415097
3sEWErVW8kK2frAk1KZQ5p3YZt1vzL6Pb6dTZJRVSPpz,210239349876569
BHG4L6p8fmz3nEKzq7Q4wRhW9q9YtzN1vEjMZCLX3ewm,107964769140
9vE5CDEtr7GHQfZ7aRBJmMbTJZqCFGjkdZarYL1AYeGu,20144262286804
5WNrMVfywRpYzLqwkkBocsX3W46x36EKoW4FX74FyopC,23672383376383
4XspXDcJy3DWZsVdaXrt8pE1xhcLpXDKkhj9XyjmWWNy,349645320898928
J3jZnDWMNHiQVuVDRM1PhYfFRMWwMEAMark2oiwQMzcu,211744157936975
DaHuNTwBvgAFcJsp2KVfNRnwMuATaRvBnuKFjaqVi12J,20076503636430
FEJwc7fefAKZ2R4rFbLWh28saWo7QfnU5f31Bi98E6cE,2821610182
DCE4yhedQgUHQhC9wh1FoZqaw5nUah4KiW636EvsJL74,117040776419410
BCeczqpTRPigndHVJu1KEzno1Uhb4hjrE7ttmAndrV1p,199647353892073
4QPDHzck5VbGf2cxNM3KNTw1beryrUxb8TTvjgjovX4B,23991477151429
CwyVpfmfSiMeCexi3JgUNvaiDfYN14cLDjzT99zcBuD2,1121264710397503
4vXCtYfPeracuQg3a67Zx4jvtJco6MU3LKip8ax6GkVq,20479247906531
C5G5FfLmhhcY4oGJ7vmXT472BU7LixPiVofNbs5Nyv2T,95573600669105
9Cjoq1m66wqDFhnbyhB5LhKQWhcCynU8USV9qQn42eZu,58024806284999
4PRFPF7f9ERz9azkDFSFfgpye6yixPENCka994j8mQbj,20773310142632
CJtJMo1bwttF5nq2noEk8YbbUikXWWAHtEYuqVbtNen2,22711819969585
2Ce1dmtdnvgDwD1MiZjP9wwGup6j8H7uXGuGMa9uZo5v,25786426587301
BbUTmY3saxeJJze2Vc1ueqEpV8Btj24wKpFbZ1r4XzXr,20092942177008
7GkMBmtrTZz8QbjSe1sXvAUtz7Pp42SQxfT5ymmJD4We,326311331120477
67iXZNZ4ytz3A23WueWr5B23WY7yHdESdRPGbVaPYkHw,21940126870796
A8vNkfP4Rv6msJyuXgwvUSUUu5vPfLxMJB5ddNkHaCGJ,24299812248193
MargusHP4dQyxrBuCWngzJp6EZSvg1aPNxdgpXykfr4,5022739262363
7aR6AjK87ehUxwEJrPpnoizUKtxJKxqZCQCEGD3h1Xgf,180518261764
8Go6mzV5m1SdLcxHTxCyLpQrAr7CgyDdWt4FRH6SCLHi,20333072767347
EyhATWGrsfmfRZtUpCDiyW8vH7CfkT5gy15RtvNPmqby,23200345640715
bxrAptB5ZpZBhoLedJpoGWY5hBjjt3zvVBr2323Rrq6,302278556970015
C4iCqAQuheCTQYsVNxYE2rWWjBmq2UfAdivYDKLdR4ut,39007262698550
FkoQCiGFNajMcobweNTVEL7qAWPkNRouqphjnk4ApXgA,26064529902086
DRCEj2QaVTig7koAEFQLEThzPkE2v6KMQuTaFtc4khGH,44341945273033
79MeHzaMahBpgCZXHSzu7ukAd7YD59ZLn6VJ3Mb7Vur,25900292501284
CaveyttUBTKttncu1e4RF814XjuoGfYv8cEsiKGDNCPX,470744348741951
4FozAhZhAo8ZTuzNHeAHMDDLqWmRwioWBhFqybZYHamV,63400320393441
C2ocKwTTZCDpwuyZuem7hih2pkpataAx21P5KHkKboko,6291372996773
9NPYTxizrasA4pjsnuQQBkgJYvgXp5zhzYk6jwYuVzmg,20177432336283
nxts9SpchNGqWHRB3zmhskt434MCbUUwkeUcs6xX5oe,37059424494758
5FcsE54M1c1jCRwGo9kiMrLfZd67rEy9PnmeTbJ2rLoW,189351916636838
AwcMVMvmT1aCETVYV42WE1cSMCyNp4vZqVjLsvs6dM4o,177730421960737
Xbk4tCYoTmxDH98ymRKyh95h5LEUaH229YbiP5avzyW,25848613245
Pid6HQnMCFb9izqX9i7X6ePdUPieGmjHoPxC1Jfooix,133100448265921
3YVoK8UN62dyiPZnGBzBTkGdwsVmmK1MpRoLcxNRs9BE,268652290690555
ABC1U4cf9DZMwqy8ktEr4WJj8VHmVBQibbC57gEJthwY,131801856318639
FPPo2aGYYwDWK1Rmr4sXjiCaZzzMwGKi67ijAiVZKwb8,21978408545496
8WKbFye8HjNa3rBvx5jEd9gYtfLLXwXg3wzVhavvMSva,53969285403129
FdH9QEQBxPQfaF2JpcjgdfcMnDb7rjZkCDRCWLRjTQwj,31732139606561
3fpcsJ2WPdrmpjVVA5Lmv4m9Qx5xqND1xJhFprDSjWJ4,743880402001322
D4r6Rcua2L7nHHhdaiZe2k2bTfPg2WQqcNYpG6bugvCG,300020301986508
FyrwfMaomErzqrFUXMjCJ7mA4u81DsiDdrzC3MJD6d4j,276353076353471
sce2zXNjLpPMcSCATTrLiQhAAvHNNMKypTFVtg2H37U,53966594640299
E5zpFqkvA3kMjCAgiGVmDkq2HmnZq4TZJbJ4AdJwhdC8,9057952971720
8buJst58M53hS9Zq5Gdrx83WV6FxP9SYC6q7twwGRTuu,20022381609435
EgxVyTgh2Msg781wt9EsqYx4fW8wSvfFAHGLaJQjghiL,5955015701257624
c3rtoMCHSbFrLRTAdw4iRowKSn4BrDtvSPbuyJwkHwx,109012539092701
4VrjyXQT61WFSjuG3ehgqZUK1jqvYqB46veQbXLotq3n,113861331267548
DBKSEwzFx3i64censdCm7v95Ujp2sFfMtksBACkET2Kh,20256388931617
NATsUSZGohWw8xtLdxG4yus21UCkaes4FLfM2eqKbRk,52226299939383
metaLond2yfFxCN48HBZGScfbKge6nV61EHYEphRwwR,34451541443486
LUSitjHk3PrM9KJ8CCDcVBJ5C6HNj7ZUtwMwS43i1mJ,20042899370367
chrtyETASKQhsndRM9pr6qC3gAHG5MuRwCgXSNVqnJL,55731855992851
G8iCkG5QXykEmCKxe7yrXyXJapBUFxTQsiBUeeHtYmFJ,20235253571608
YuRBAsy9Stw1u46A8dMp7WQVBFweLP1PKuYibzYAMmQ,22462540303585
BhwrctpZCQqwZHFHhgsnZkZG3btSwAg5aBtDPVDzQriG,83039605432993
9BTM7PK5UH351kWrkyeSGReL1uYFhonctTNuRKHFXvMr,149219240018360
9fa5wcqnAQqHyn58U1vHHLuZW5GXLcoho7hKT17jGJfZ,5839718082036
EXsJCamTqHJqRqNaB4ZAszGpFw6psMsk9HfjkrrWwJBc,116019901759909
87sZBKaGtRseDxuSkF7pUCERd3Hs98ESRJVipdscTCXc,20204111848918
GGX3BEoZDqjxcw4AbCdu62ZTMrkpSgmPt81oP2mVuZNS,214021575112476
Diman2GphWLwECE3swjrAEAJniezpYLxK1edUydiDZau,582104369840512
2XK1YYuLwPCMZSbmfedmso1vmkqrX63M2srNApvAntvw,20927642478629
ADtaKHTsYSmsty3MgLVfTQoMpM7hvFNTd2AxwN3hWRtt,20318873076368
mds3Df1ieBonG2qS8ZoKTqshq5MgTUNfZgc78cjiCdq,52187440523212
3SkE34PVeGck2ArEffFKjihrQgURsvnoTAhitsNXNzXd,2500000937382560
HJVsiUVvbYvTLHsRcHw3uT5cHJwbpGPCBbEf8EszLnyz,250172330796439
Arvv3uwEyDPKckw3wEFiCq9hgxMw8kawFU6doxFAWGYR,49986866004736
GjLM4KzHZq1KLDStTEhTwdjypeAbb3Cj3QgadepkUtck,55428556464770
5XKJwdKB2Hs7pkEXzifAysjSk6q7Rt6k5KfHwmAMPtoQ,135029214011197
6c6RrC9TWNgiVXnbZ6hehNuhyh81pZK1yAj5w2nXZTwi,221899711312843
TJxW8fs18KgZp1G4ghMkR5GsxdiKMbgpan4weFThaQ5,20051509493254
5B1eeUcVsdX1GQPxeipE6MXaQZwGAWNEWCTPWXqVL2j9,20268972332613
BCS95L5JHBWHvWkcEJBEF3BH5QHxKcPeaTgoYmHLvfFh,22272505201829
SaGAgdkowooXBrHihpmE8gsjf1dUG7n5SqnyJxYFnXJ,60405985473729
3VV7jhspRhapnvCHTNxJeUzEXCpAJGSYbhHeCvTndHHa,99373272308984
FBKFWadXZJahGtFitAsBvbqh5968gLY7dMBBJUoUjeNi,5266034028269086
73hojLdq1vZDSxeVQEqVFJ4iwLngdvEJPEpEHkSdv6BZ,241241522449221
3Ws2kxmhUKMV32fSV1FZH6PurvoEFNx2xXZbzcdirtbe,20125043042413
GCQ4V2e6PPdgHM1mXgepHZvdRkWAxbiFUUpJC5Bpcncd,20081714674552
HFTcVVrX93SJwYHAiiHAssb3c4zXqSsF4mNjg5arGPEj,268927719808164
mrgn28BhocwdAUEenen3Sw2MR9cPKDpLkDvzDdR7DBD,190718684293055
D2RV1q6FgePVVjrMa7AMzVbvvAeg5oS7TAV7qdNKSDsX,30507612181589
3iQqh65Gby53aaYUF8ocoiEyhBs4aoe7BTYYWvy1c9dF,24766941891804
BVywdtWgb7q3PFTexiH9TTaLyh7HxLnBZSkQxedbbJCu,245000840043016
HuxezmVRF3Dokr23jXmtUVoR12g4Cw1VCvwb8KAP9M4o,301881640738258
CKwRED4NttAKmB4D2aos4uQqXqH1QehRoZLdRkyjLdGm,26049629492932
A79u1awz7CqnxmNYEVtzWwSzup3eKPNW6w2Jrd56oZ3y,87399759912161
sTEAKPk59EtPPbixCweyv6oRLNCDEE8pnnef6gUfbiW,223767591046287
q9XWcZ7T1wP4bW9SB4XgNNwjnFEJ982nE8aVbbNuwot,8489385201946375
AYNvSS5XV23ezdUBUzMjrZoGpmDibADE7P3edS4wNKAv,19387582175663
HtWgkheyYcm4f5PCP3h7kvL6YYgjt33zs1jMBYmHPxUk,23725211160923
7y5VhV4fkz6r4zUmH2UiwPjLwXzPL1PcV28or5NWkWRL,1954694064530587
9Wmaz9VPpEnH67ZqrvYd9bcH66DtsGaEKcSQE1ac5wkf,20213574692923
2m1A2WM1vte7RWz5xTTw4i1SiXmngVtXhqFERaUjoAAb,2005488249610397
Hb6N8QrXst4DQCS1U8neQLQio5Zk5mn9zjnWQGSRHVSL,22280726406524
yJeahQNRHNWtL9Z1SqPX3SBwTYXr5ECMYYVK4uYVwxt,53651385688399
Ed5b3gHwAF6FEicCFjyQTwqV1LHHgePa1qMWiBjo8D23,100091540876
317qtuGJuJpFX7pYd3WhRCEwqKMjHmnA7ea7YemxpE5b,21400152418351
rssaJ2iKcE9QWsFYRZr8Q66TQh5bRk9DxYrzxGMzWQr,12857543224903
4kL5QD8ir5CvkuvCUnQhBDuWhq3Xfnz3UfQLt4CqPQZQ,9819486657839
3DQYd2XcoFiKim2Q6bEQEx91jnjyX6oNiG3C7gEHvEko,29184432036199
fotby1ABxpei2EVH9uXJ6KbHYgPjbg4Sny9eRzQjtRN,10001998717120
CTXhU887XFTPk7HQdVQ9DVyEoa5iqwmU2kunFiaFv7aY,20285850572242
Awes4Tr6TX8JDzEhCZY2QVNimT6iD1zWHzf1vNyGvpLM,4747437956543720
8Yq98CFAorqAc3CN7XtMVgKLrBc78wsBvjhAbFr4sNQ5,22290159071565
9W3QTgBhkU4Bwg6cwnDJo6eGZ9BtZafSdu1Lo9JmWws7,2884593467766331
ana2y2YvQ3ZPMwm6qhnN3nJoUSiT3qx5Pvetkq9xcfY,270831109784830
9cS2cDhLmRoUCqkhMjXZs4HC1YYbP5QYweCP3vVqodcb,21396051671811
hxMhrsuGPDmkLJ4mTxEjyeMST3VGhTiwJvS9XgHwePj,55697473588556
EkvdKhULbMFqjKBKotAzGi3kwMvMpYNDKJXXQQmi6C1f,5223415795231364
CQicKXFGuG3JGUHWYyuGQYuGJ4PtKSCDs91kbW7G6dCm,58606274791451
6WgdYhhGE53WrZ7ywJA15hBVkw7CRbQ8yDBBTwmBtAHN,3169661010042406
nSGZ3tv2UhskkPqiB666yDVj7PTi9qKgDqvjHyw5JgM,118618215128136
wetkjRRRDrSPAzHqfVHtFDbhNnejKm5UPfkHeccFCpo,55847766418214
4CymATQ8a9qJUmCh5ygNFCePNQVgiKGkobvki5i45BiB,20073488600602
8rWDbEsuz4UWF2ZXiHhMECPkTZm51YrRaQSoSz8RPz2H,20073410040260
9rkJMARqK6VBkcxGfKBAwnA44gPAfGxPbPsfsggFNDSQ,4429565678574015
Frdg1NUoQaaTmASWNTrtDrBU5PbTnWtUvtdCr1XPNn1c,56531131445425
GVeC7F7HPGb5ai9LxvD8vYckfwiHDCSULPfFDDgKMEfX,20073111737637
5rzBJeyPbEbrUGRWY9pNDp1mpR472zF5TE1dF7ATUvNR,159316061842657
6pVZhUW9AZMMFuNVMUds8useZHB7VFT4vvxuA3B9JgW4,20270561564697
3Y2LS1jKhP76J3emMXgpmJnCc2HuaCGihFNp1UdbUu1m,22745021106392
9Ukj3PkyD3igEDJGt1QTj9ThzjK6hMiadQfa3gm7kjf1,13790192850813
AUa3iN7h4c3oSrtP5pmbRcXJv8QSo4HGHPqXT4WnHDnp,20182262115582
LA1NEzryoih6CQW3gwQqJQffK2mKgnXcjSQZSRpM3wc,1512406045353807
3qmEGZpEUFYxXiLU5CZjSaUy2X28oV51qVLenKEutYDe,431014268331
FZ4MT1HYJHd9GK8D5mJ9f3r7irLaDL5NxBNLjGqrLqs9,1446909035082262
Fa17nmHFt62kmerRQNGtgVWDxnuf7UD3PY2eeFfhpz2t,20277376291219
3DaPk6TdeGnEBwTR8fEyZSLkdayk6vZXrqGZhAgYK8BV,204901070815615
AoUwfPuiEek2thVRDhMP7HbQb9rguyab4rDiz2NAfwwA,468009230722482
5tfcGyf3NQFcufDigvbRt9kWoVN2KPEkBRUY3UaC3Zwm,315372721388719
A23LfQn6khffj2hGhGfXr6P52W2pxrVcCaHVQLYQgiX2,746725997095
HnwMGBAw5PxaX56eSYc969MorEy2NzEMPLkmBkdnJmeq,27134098087829
F5NgZ5RtJW6fcDTcsYjSo8DgksbWx3mh4Ms2igbhHQTC,100124390002370
BKw6h4WX1TttGQbTSULtKcVaEp6nzPxQGHexHiX27atH,38031721808131
6qcbqy2Twyks4NAjjmvQiSFdaYCdyb3qRWEtDcEjYSQ2,139564162282689
popscoyTKVksa4TyTXw488b3vvFxM7qQEyTBeMQopKu,287669851777602
41iM1ZT5WYS8HgweopShefLJRfDD3jbB1MMJZiuEemvE,19960044374268
6kDyGMHbuWekkcquroYNp8VRL5pQiUzEJ11gJ75qJsRy,21397949489577
34v7TexfK4a6onLDKx6UzEn1655HPb5xHcucGJCdNYB8,58001928341004
Xrh9LuJJSNWfN686vGbj7kYT9gvrchufFo64KHNqxA8,26032927780015
3YRyKjnFsQe7rNLd4kUBQbBjqxypbb1Cf8cDXdbBccXf,104018432606
GAk1hdeaUDNcei5hT6cT3zZk2gRKPnScdzYqCacWE7RG,209724662992608
ALp2GdA1eJV8vZHMHazCtTxNXe3BLUSco9LDASgjDs8R,221808746346605
2vTeoSz2wvZfrzigJr6yswdRZnDeM3VHC2gvvmHwTnoB,139576714465
GdwLVjtBMZEXZiLV5iNnzSgunYmr1D4Fz2CDcEsT6HA2,36687689963537
96XWbKem84optM8RLHhc8EYJQG8CCWA8F6oqWMPHDweN,25259993568618
6p5sKuoNsipkg4TZdtHefFYWBDiMLKeLfQQjp24ztu2d,20230924230650
sTepQGoReJq2tBKStL19DT6nnGHcGiAvFjyYaokLyuM,750679480538512
tPTMVvqGgzecHLQKHUhoXR8UFuZrFzz9UKK4ywVdLaZ,76625575361520
J9GZMuGa6LMDW6wMRerpkv2myqPnjNGSaRB5Z3KsNi3f,217396744805
mythxvB89eT3C1TKwwhsvdHfYq2aoCt2es8vLoDFYyk,55831095586069
BuqMbtUpT9DQTFmWqo3t629Am65Vw4SsgCoMksDsryQD,25080092561693
C3xu46TDJbtWeL6hZkJD4ShgCx281WP5qgYgkFpHrJoo,28187522795534
LUNAYGRv5DGye5jvwTy1SQnJr6jfzA1WaFLJ527WMqj,4501054013115
9cSXriJFExY4a9c4xHWYfoGnFSie1PkHEtE9pNkzHazE,5409761
GUvKxvTWHXcy6o1e3WQnzE4vExVYgKiZJ8oBMqrqd27B,8773335803373
8aqTSm1MT5VhxRD9ufR4WUh1g3Xsn9av3mp2bJB66Ywp,20485795965249
AWZhUiQjrjtxL8MEMWsCFbMausFQKkdTnDsFW2i411hN,122679236374928
DziZfhYj5RcXFvanmsfmtRqwRteSNDnTgLNEawdZww9J,21873758843653
2uxEHizFmmnLekKG2LZJwxNabhpymEYfdVCpgDxjt87m,198137999746843
5yEnvhM4Ld3UZs2n173J2iR369E1ddcbQYeLSZxk4cYj,14213661744607
FEtkEYC16YG4ANgohvGUhobZMTSKmNKJc5h8QvpRazrA,104717933118023
CVgwMrWo9chKEuEPCe6Za9KJe8jamnAcoeWzaMeNubr6,5605504653540
4pc3MP7VM6J7HF7B4TF3NRhP6ayExjcitiAb8wB63Jvi,16498839337616
EoJLNYSqtc36po2sD3NKZpv1NEu4UmNWTdG84uJVhNkU,42907863144400
6m5vsg6XfsVUroo1zzZmB4YgFmV6ykLiwEXb6choovpc,92322532140113
mHtqTQHaUcFjSZF6tGLNLsHLvjVsxXEK8w3BoT9eLAT,20072383105538
2D2v7sMqDuq2ekZnFhaQm4k2ErWHemZQuYf5qaVTPFmg,23189348818721
92RWsU6jb7GfUs34G8xs7QLWda5MTs1ARDEh3LzkXiih,20118820861351
2kVZVTY8FMRZ3WuHzyqNz8qd4Ytbba9f9DaesUm5WLvR,43281134732575
AYTzhcFH5JcPz71wRz4pV9iJu7cCRchD12q6fpx2fCtM,42769858553369
ALxZnHDetfXHaTZWB7Xwn2WHpbvNPYz5b4zLRsfFvpUb,191103007154269
BwxhmqZRmVKfDkhb3ZvNUVdrLZXQBumMrvexoYrViAoU,27428812201635
8KtF9eXQ9f7Qa4zyKq3w2pYxGZmXfMYyLpJgRx1Pqvt7,22943692098782
4ufH2sFDbfazocHUsQeZaDDxpoRrAPec1V1u8byScnFg,23640767784067
4CKFRwj6YzVygMptmFtZgBNNn7zyCsVibM8Aq5pG252v,13532988553916
EqxCV4fz2unNzt8ydGrVyz24ngkH5n13x2wDSJ8DY6qi,20570600436359
BP8Kz2JSmUsRVLCsumKcS26T5SSLsU56sHodwwDw6Dd1,120495434240
7QGeaLDAhDdrLHZxFb27xL6GMoVGZ5oJTk7ULpgici1M,20098778711451
FUiUtbEoUVbtghgftxJwQackskGkW7MPbLFMQzHzsfb2,20151888151972
Stsa15mLMK5mjvcdyKKF1stZ9QZWUNdK4Pkc87g8xD9,19261311639151
Ccw4n1JNzcjdEUTYorfZPATWHfmBKV7BHnJ8YDyzqh5s,20056449950164
Gb2M4Ee5ciut3Cc3toG6UrXJohPPiLcT3RkUaDU7dHp2,28145525808762
FoigPJ6kL6Gth5Er6t9d1Nkh96Skadqw63Ciyjxc1f8H,59246116727778
EKHuz3Ag7UtYrEeterGVFHwYWDn2d6aXjnAAf2d5edLh,46498929073623
6xFDLX751L7H9d5fQT9sf2SM5RWWE9LDgqz25pPDbWoJ,27016242490412
7P5GvWEpPWjJaVbogDkpR4KhTLAoX7WB8vcSdFSPZnHT,20235921126435
9ppJrpsbbuGNjiMhhD52Ueco4KXUzVfrtNQ6tAcDab4f,156674991370494
9bkyxgYxRrysC1ijd6iByp9idn112CnYTw243fdH2Uvr,177593274080212
4PeGtW7j4Fceg35WTXk7FLo4rE4pP8FHF2EytRezk9bY,20527836623877
C3NxKEWdbR2XfHkCgbu2wCFeCCduJYkJ2pEomKx2wjRP,20135537211118
2UBhtRuyr9nvWsUnrbWrvJiYWEU8TVBD4PLYQJKiRa9H,233328535823538
WENqavduvNNv1LbwCJPRDr4ZmrdvdfF2SZNrKTAV7pm,50845136240011
2wncJF4QCGJThRLZvTmnQqiDNtkpV6JQ4sw3rwrtiZRA,20088181145935
CZ2xJQHwiojrAgrR2BUNheuWxXGjSVSZrkcxFcAGoSUH,23681058547974
58KprHKFNHgH1Cvo4QwxWkDeJNaSQVteCoAAFUWjtESn,918452650347169
87fX6AAJywaQfgMpD9Gkwxpt1e129kKZxBdRG1SQA43m,907955636369
DTF5DM36Jc4vkVPJXbSm7wRLe6eeX1UWo72WQhxKJpR2,20838588439339
CjtziaSBhv4E6RXmq3PQPsZn5KBg5WUR9XnhQ9PoLK5s,31343655808459
FniyXWNu3EXWX9fXubLpFcDJ4h4T8VDCJEXCwVY2wFRh,21844395682568
2oHUYyW2PU9VJh4XBs5TbGgzdernunvGqyKth3kxW4ns,256383084264395
DhKrFYrbiNJSJbVN242Bmi8izphkX6M68mf5R7A2vHgp,63063321720550
ANTmwMfoBzEk31Rw8e11nLRvDgzWEVEMGUUy1v9fdRxV,79243452488786
9JdZLEKhA7k6SxRQ4cJT2Zh5JhRUBJGXcjTNwMtTwSiz,20455373507191
2tKR4mX7LzhjfdNsR6HfBaDDh2RM3wdpUrJqUU42aJTc,22838555199633
7pR7t5axFfkg2VZB1uAuFNUvpAeowq2v15J4gw5MmHTB,91552875864988
JupRhwjrF5fAcs6dFhLH59r3TJFvbcyLP2NRM8UGH9H,4294094169491590
93Q99nhdKjuSe6WNXgMBbC3s8QVQEAoHKt91PNRkUkMn,221578213322618
2nUejUPz8nXuYsa2mqDJmdjmyCb81KcLrQ9QNfzTNJGk,54693065841183
5spfmL3ZksWzAdAoKE5VzUuQKW5R3CwxbJYBJBymXYMH,120528854364105
FWwwP9tNttSy9dJFxwf6ebXWfc6VJXqFNMTccrMiLFTH,1168817243929176
Hz5aLvpKScNWoe9YZWxBLrQA3qzHJivBGtfciMekk8m5,4892122191449587
HYLo1uWMLxR51jJuP2YxBT2DwAxA43pt2PdRJWryZQFe,20145818690760
HW7ntfUHapD5o7McDuPfGvkfzrPcmuPSbZMMoe2gksKQ,21408573115186
8Gr59dE1LhRdKeN7EcAFAoKSk9XYVUVPPL7zWc8myrma,517474662582
8n4pc4sCJtBeLfJdGyJn6EcZuhtfTiepRa9ExdJFdmEN,203667390890480
9CqDvvGvSNVZDo5RskCAv4fTubpFCs9RLTrjUxEYrvNA,20249542713892
H68e2XUdXK3j8ibFv61VymvHn6AEhHPHLZSmbbQnZp1M,117871183506955
22rU5yUmdVThrkoPieVNphqEyAtMQKmZxjwcD8v4bJDU,2322628994123620
Bs1AYgU6v6MiKivhpNpHnU9VePJAfdeC1yC3FuRaBWNa,192847374729085
7JCgnNDTewhSAx8jX813kLgPLKrd5oXvAB3CeJ2xf7o2,20176678758711
AjGby82yXeYgj3kmng9y3c4nQpZFmiPpJKecLJTHbfbP,23489100127652
8tw4e29txix1jX4vq4oBL9oEL675XzSsGAKYm1UG81s1,20266568097775
Bonevk5i19xjhv6Bp77zZLD8JP7u2bEpMfD9P7yGCeyj,32036198354874
D1A4F2yh38JLQExKjDiCi4G2tCMwj93c3sikseSSePKe,10265994910447
AXhtto26sYhU2aEvN4mHCZexGXTjK64Yd51f3bEpWtfx,20172946731660
omegahqefiV3bcrbwwx654NqiMrLVwDiewqnqekpNgo,29749296884922
4ZToBgveZ5m8NySrDyPA2fiGVRVBioaoMXD31KGidm65,72407046299236
Fc6NNdS2j3EmrWbU6Uqt6wsKB5ef72NjaWfNxKYbULGD,1717068771606760
WUNoB9YQXmXXRcJsjY1G8PfVag5aAfnyGmFd6YwJVwp,120628845851946
D4B64Fa4U3Aw3VzDb6ktqxnAqnAdeiXxKY214JRRyWBK,5926221498191
HnvAnkcnGb9by7sKK8nqfYk1AkgxBzhnC1DQHn9rHDNS,20271024772711
9vpYXvRdqNJD2YKRZ9q6Xm7fh4FdPGuc5PBZSusv8vbi,20251365073581
NLMSHTjmSiRxGJPs3uaqtsFBC2dTGYwK41U18Nmw5kH,184717233737702
97MtLX5ajrR319PH8iLnctBpaLFoT3TNuUAtZfZaEn7U,23695407881403
huinBRP3muBuqZLMW8ARjdn4mBnEmFFcxiBzrkQz553,198302310443167
43Am3PKFeo9cACpqYL5Sk95rpVdxLw3Mc22PqRqZXEW2,233259810910824
8Ua6QwcSJmYb3w4Mvxf67Fqw3gK88SrbWnxR3NZ9mjyn,20136567616539
AiZSaHVtGpof7Ho4vpfz37PRagkG1hR9ZJWKzoGCXiWv,27500441410409
5A8wwE5c2ND3H4ECwgpcPV28Gu9N1YjkvHTY4a1dm1EN,20312547451997
9U4WqNGVywKt3gG9HSt9tGVXBDXJvgid6BVweRysaJmg,60172019424223
2swwdmPFEPFUJ38nJbJJBA9kKooJzaeUZBJ9o1mYHepc,94965039289043
Love31pnbDJNVzZZVbtV4h2ftvTPVcBpXW11BSTCa6s,40284442661176
5C1TBmRB6vxryC1ySNSnBEm4KtUfxqrjBtYVvKJneoZb,61698036780184
FbYX2uN573G5WsgiPdHU6fS5PNUyjdXfGfpZNkYUuT4k,2409417937382560
1znL3zFHi3znoaz6T6rnnEnRj8Ar3fohDq7ZNk37sUL,149761086454593
GYx8kpp7SsRwtQEEsGQjAxb4hFMMmT91kFJuDeky3YGQ,1293273394206431
B8m79Xf3kp19suGMJkfXZDDHCmMP5vWHuYAdirtswEzD,41390131864192
CcTtRsmLJEjqsv5iyfXSYwjaUJdfrRK7AU9cHMnQfTb3,220291435870495
H5H4DBKH28Px92x4N1J5A9bxmy2pYk4v6cbS79nwNZSR,55533037603798
cmshPgUzd5iDkyZxPfUvepRSLtNV47Ks5AGu4KvKqY6,6881961467890
wiFDeRHa4zcPvrZzdrnBEYCWAjMTjnV2vBgQeCpWSa9,83405946455641
EBoyo2DA2wQtnfGgVcGUCi48MguJFBNEdMt6V9dSns9r,23314479171029
forb5u56XgvzxiKfRt4FVNFQKJrd2LWAfNCsCqL6P7q,173732906991334
BP4XZG94R74uK5WgNewUa6uBcQGfmPtQnoVRpSYY31FV,6149551342009
ARRRZPZiJHpJvyiWYVkwtjFL8thVTj2hhUec42XLCUf8,22093637177545
9PRr9k87HjjdLMRkxtxygidjxVta9VQ1kAsqgLBWXKdQ,73881337166045
82vucuWCTTQEz6nYe3VetnL3pJYBrfDF2gDAjec9sPUy,511296022098603
AS4i8EXUZnPbmNT5ZXmoTEbrXQrbFoReiWwwFB43Ds5z,251438752925060
2XQgZciomz7MoPNUz5YsrPkPsGg43JHaY5EDgQi1S68E,36696551132583
7VZM7YHcX73TpGoXDeBu61g4QKC86GwAEnew8dA7Y2xn,24546630207673
DNVZMSqeRH18Xa4MCTrb1MndNf3Npg4MEwqswo23eWkf,1944613895066746
CpdzCVzaR9gjFymmEVE8xHboJFHaDnimRZ448cMBs6Rn,216004526397751
7qGNnXKW1e3DsqEaSxwxMdBTFsrK73XtWTmkGitRyMQc,1004013485374
5HXxjDZwm7MAZAm2aCgGcGRr3SKiwugcQymoByyd7pfv,20286639418562
7PdKhpKz7T39vZHFL1UfcYNDsLvay6hp4KPQq1aUckFf,762449109654854
7VAxhRUMuGWf5sfE51pjjFmydcER3dfaXv3G6ia2Pr74,273020620100281
34Eegy89hWD8HskhX8GzkkrEgdWDAAsTd5ZPKPHs6pBN,43109334427914
pGUjdSpmoYcNwY4SVfnMtQxDc6W4eyUjyu3FhArgucg,20179704689827
FSVdqBzx5D4UsqBLnvmH5dFx2dCm1pTPAbQWJ1PYzTJ2,255879304085976
FUyx2W6wDt7u363QgQRWQYuytE5uJWZLGJpuVh3RDiCa,21652629301163
9dH6wfdJVgnDcbCUjT8rkmejAzTnGQaFarmLfvBYXANK,20220706277098
7cJB452VqXe5pM9f6YKcTziWmoHE9Tg4jNWTCpohFiAH,79342253868539
GzdpwmsqTaEK2yk2s1xdmzXEfH3P1UnKjZR7u7nSNXbi,28024860588149
CBSufxkHhvNTtBuP3dmCCeRWJdLcBt35jJnd28cZXq8H,7991501179476
FjYEr2UCeFzNfAKiFrbhG34Zv8LxbmfHYAFhAfc7SLQL,216844158919112
SLAY6uN1zZpXBTfbuDDCesNmM5D288xrz8uYvfS3n41,850982587644540
FGiEdzde7Fco2WLpNQMat299hUVoykJdaA5hxdmCzHiS,124675424055916
2t53LvZfskcpXkdwLaBnfZLbNgyVHPu2BNFpcRBaEBhM,61677932615201
dmMwc4RazLHkvDZYrWAfbHQ6cViAvNa5szCJKaiun8S,58847629126896
6dwKX2BK1JowEVXvKemcfw2arNeTe6RHYrs4FomxSVPw,334935473754246
ExnG6VdMubFJfrB7qereo3YxUMyeZvTuZUVKfv7R1YZD,196376025203
DwVrdrJNTRYbgEKyHUUyAoR9t5MfSYkeGXM6UySRQBCi,20194290180365
3EwpY1E6YgXEX9MogkM4Buy7nNjNs8TLhUDWYwcCixJb,23161280310153
6LCpzSkg3Ud1SpCnsYtmByWiiW6tcjSPNmJQmFGQcwaL,206344258575838
GmCxjmjKZoaKN1DKunbYq8RCYib94Nm3sHyncFfofaF5,1160535452306814
6iTpVEx7Ye6wvvrnXBLf6FPhENrCu8mKGswzhem2pJ1m,69712432516081
DZKTNGR3r4Akj3G42ReZatKhkmgEXoZjk5Ed2tFwRyqm,232234624942622
776BzpbpsZU1rbCkNHizEP5r8RE8QL12Xqm49krkLPLy,20174123565008
HezVqLA51NmYzCkCZg16rjK1ZkcSaCcGEkSsjRGahgGt,52539686434240
C64HQzVeuUakYPTFAbKsrhmzSiQYJDKtE8B3A1bDGrqG,19064230240062
GUvRSvhhQRA1PhTpMaqW5hELHcPP9QP4W45tHFEbtqRi,26180895746296
D35AyoGVA3GsQLgFs3opXBEuvW6EdNuYGSfEDxpsDojU,20353842243114
RUSHpmG4o1ydgySKRexRws7WMmu8nH5BaQgEAmwo2hK,157396824965272
BngWWH7NCcW6Wb5Qfopg4cLCtBUZqVECDmvnqMAvbJRU,20339478477630
8tjFeSApQ85ThoQXT28acfF2KUfQr3TvTdirSkzNnYC7,30936510288791
6z4oJZhpJjcTTCX8QtiWCuWyEQo5n69J6KbbzvQJSNB1,20912331326512
5yRbBQY5ZKe7VcuuwCS8wVvMfcq41gNctbdhK781Joep,96058407780341
ungM4fafkQg1e13MAzwzuvCxtTTiTZ4Xcq7KqnJRyVJ,157169299055003
4mzLWNgBX67zVwTykNnq96Z6KQLc8UyV5Q35EfVCDifC,270947947147598
9FXD1NXrK6xFU8i4gLAgjj2iMEWTqJhSuQN8tQuDfm2e,205823065590125
EC6axG4VsaAifzQ7JDDqEBrC99gZaszmkFcDvQiNM4Dj,108497739597137
3Q8GcTR6gUpFjSwjRuN6Bqy73xuJQHPKceuoDq8v18DC,31954932952261
7b7VuKUv1NCDhbdvufkTKCV5kpzyc5yH4A7YKMUjykX2,20256622308026
GX6kCVtpvFTGsedV72nK5K6VzY1bTCvqFmrtHkuZHGsX,225841001411727
CF4XtqQ4ZzjfWeWF4uBcmFYZ7nUGJZ9GCoyFnhdgbPkB,20380113188401
gridqZmeBcsUKT2Mv4M9YFHFN3tVLFb2TCtTcLD1cAd,245277316368265
odcvDWH5wHVKz9XtmGGxTj5ZsmawTjCCty3nyBKDGzS,12037816080291
4vvaKfJyXfvyvk3Uq8CGMTWTs7ATw9mLgK4XbpVMe1vo,48822582261075
8o5FeotCKdFVExGXscJXUQeNREFe1uZ9PRgvQztrpAUi,23098853741538
SLNDCSGTEsA6KHpgR32MBt9UAurZnVSJGUtW2tRpdU2,188566767491107
Stakex4B2tpDHPWGvV1dninfiaYCGdakgTknpzPitLh,223974515151243
CG4tRANBKrzUmpv93V5sgftjQznBdiJsc2yPCzZWWuS9,906561272254257
rmnh7A7y6LuSPph6x9JxNN1dzLZ1NoXSMGBemMJMwZZ,168059827777838
B94PGWcxE9iEDov8sZobTkqEY96Yb5gfcsYWSWpQxh6S,23382417668765
PPdwxwyhXWBa3W8uxGDJx7xpfsgj76Ef1fXbjYnANTm,20226202925011
FG5w8e7nBXivh4N5zwMDyFrj5sMx11NUnd5wCmNfPZ6b,20624403687079
7AGmaR23EUZFsxuyJ8VNUUPb7dzqY41uh9Tsjq7fQGVr,148588210379536
F8Db4M7hZRQRjedfMcY7Vu6dMJ8drSQxHC8Rrn7DJq6A,78731814306995
3s97yjq2MhoPVPC3U9VeE3Z5S643Pweovg88ysvrQPw5,333143659133281
6NDen7aDi65apHo8m1Vea4nuS6LyjQeM6pDNqcW4Q5Pg,81192913772160
9QA1fzbAKJicmRoFa9wFnYYx2PGYn97s8Nh6VojBMvCi,75639961845549
4JTfCRjd6SzZdoKqdvStHvaKHBYCe9iENAnG4iDTrGW2,20181967039226
5d385bnt7MQUfDmGaps74MJt7WddpsgKCo6aQZMtnGNP,20094552753429
8n9KRHDRDuZErZwdwzhtsTFJxmHqgCQ4ddZcdk6GMzvQ,27018218935067
5pPRHniefFjkiaArbGX3Y8NUysJmQ9tMZg3FrFGwHzSm,6570929385778578
bcZxRSozXDb61a77rxL6n9yumsbatqC7RFmZ8Xi5K8V,213940765208
7hnfZ7rGtfCbFdc2rbx7UFph2gtXDq9PrjnctZeXfZiA,20211252906543
2Q3t4UqyZeVZQ5WURvuGVb73x8cwbu5M7jNbb1jEvGsB,20157700200549
2xKovmftuWNTwCWGtw2Cc6aZovgMZyKaoKK68n1ZLmww,20216327532516
9oGWd4zHcRjrXpoPccu9UsnUEEva9bkcT8qZuH4ZKVAc,20149820329994
p1ayS5DGgrM7m1VU4zcppoTWPbcFGhrBYTh7Wm6ApAC,24234698923126
HeySTSL4FcDakZHn7UAZy5Bb9SMgWaiB8euq1PHqLWaK,7565178350521
Ca5e3b2AmrL72V437MEZMYTLnNUEXTr2P1TZcGQgJPyP,20224113693139
BMW2PUr7yweA54zC5CoBnjWqNFwL8W9vHUvYvb7cPbLN,5003015256788
C2kQjjHM1JTVSUxxsEAHwuKpKkWYgAiAb4JMfv1S628n,20663705003120
Dzx9VhgpYJ3yco99soB2SY9Cs3CAA7wVx2dHAFEfkYMM,20485402571071
qZMH9GWnnBkx7aM1h98iKSv2Lz5N78nwNSocAxDQrbP,282995629703139
Garx8JMpBAhJhLyci6KySLbqCFCHLuxUNqDXs96Xgw2b,20064467874093
7cVfgArCheMR6Cs4t6vz5rfnqd56vZq4ndaBrY5xkxXy,1158207250428229
1KXvrkPXwkGF6NK1zyzVuJqbXfpenPVPP6hoiK9bsK3,274415211038894
AYY1TCe347UZ7zueBmF4MyoFkeEZquRUNVBNoUZiRoew,14829612662944
6y7V8dL673XFzm9QyC5vvh3itWkp7wztahBd2yDqsyrK,2916667655378480
Av8EnYrPBnSJHK5e2wmTdnCpSy7nzmBgyFaUKSyLnBfe,176775326597947
CVAAQGA8GBzKi4kLdmpDuJnpkSik6PMWSvRk3RDds9K8,30584677199293
2FtwoBFTBFt4FKpeQAh1otggKPhPHh1Aka2dQ7LvyKyD,94633052344602
Gdo6FaCtTQqGYsmDQrX2icSZeqDCdVizGzBDNbiqCGbJ,24265112516913
3j1dv2SP3xtG5vcqiqTSpc9C3h4wQnnzh3aqBcx6fU7h,6097955335986
2jS8AX38m8F9C5juToW1FmTufEbb1DfDzZJj9HSJcWwo,80990907933261
BntgMRh6UA6TPdQpkxV4dSogGZoPw5JBjUWdCsYX5Wx5,20232095365615
23U4mgK9DMCxsv2StC4y2qAptP25Xv5b2cybKCeJ1to3,192644338844759
Ee8dX3qtwrDRnxYK6NGQfmMeKT3Qpp2QZHpxiAiw23W9,178964821241133
7ek3CDbxpGRdCVTJJpj6WPHmZrJqBCQ2RBQoqLHitx5L,20254678833375
G1bLKfyNm7zsmmYEL9dyxBvMtxpFcwy2s84bHDj2ZFUY,509496252198572
BvhiaiuBMoZJG1REnfrNEzMS5wJEpAjmXBUAuWpF7Jij,47118748181570
DCgEjpXK3CeHQQdiCtPdFJggzay2Ue3M7MzTW4Hn5sJi,20220471364771
stacheBmGG5zMKuetUevAbc4m4dLbve1VPcpSur3voH,71815429773685
DKSy9mQn63487j7oXHxqmykLEYUA3akTHm1QNPgDLGN8,98762931171457
Lake8NXDThihebhxS3Js7mFnj9fthmus93zEdsFNrsL,276409189295162
AccReGBNBdUCEJ7ZyP231jw7uVJ3eF9u4cLBFAyqQuWm,55877582942807
HM1KjNaXa4w8K4gCXbieoMh5gUTNeUhg9fvdXMKeBW3L,195125961406453
GvfaiJUhNCRZGVGumsEF1eHDb8JpAeFAyHSrTifyhrbt,110926052464875
SANDCxXBbQhvbUqNtiLqKdFEY1uQhVo1UgUACaS4mXU,40698985667998
2VKu11f8zc3huqDQUN6WJTFpX32PgHpXXjf72P6YvYMd,33556165006055
fishfishrD9BwrQQiAcG6YeYZVUYVJf3tb9QGQPMJqF,499219108275015
J75rPTt9n28CGsnk7LDrUbs293Da72gsexpkzJtLLrBi,21857042504479
Cj9UuXrk8AJZByDN4SMtACgQQWcFAFrKEygwtErxrxWT,21619261151701
CqY9t377f7eEkWMfEwBRjGvQUQXVDrwvK39UEeXNUUm,23164793659480
RoYFUUD7QD9aQ34UCMcwfye8dC5YvJeXz2J3mmoy5S4,190368283941616
Cb2EjFfZ7Aom2zPze2no9SZ65kttTa4jR6Ug4NR6vpPu,25105769226454
FPwKd8WmeugZLZySCcr5RmqdVnQvJ5zRQRCy6tnkdLQF,147461281729186
8g6tzWhFtBQLMFpocAEppnaT2Zrebzhyba5rvCmvygeL,1043707122
LFGGGJtnBLvq78DyMz1gTeedM6f8owck76qHThDABBC,37947014645490
Hu3b6mGQJ5jRYRJxdH4kZX6VAyw3p4LAmxDBxhvXVKje,27116463738552
FB2Wa9wJgT8WnZqbUAdPVvoqSwzofboZepRWWoH4UAgv,20226071380141
AWqkGtq9rgpMDc7pTKe62aJuaX8ZvrnZxCpr8nfpDSCK,20065417055855
3RbsAuNknCTXuLyqmasnvYRpQg3MfWZ5N7WTi7ZGqdms,65993949907118
9HiuHYVDnoQz7xdL2NFmZdv6S2jYNUQxGg7taDwrZ3gy,96068869135416
76rcGHdPvgs8G1XrzCXUTWtwgT59AFDvpB4VbTS2TBBJ,2502383454498740
PLabzYaWC6otdxPfimutQyo6NW3voETNK5Fo8UKqpyZ,20319477978179
NordEHiwa6wT5TCjdeWJzpsA7DSmWQPqfSS7m2b6cv3,123256312640381
Gf4rQifKzAHznUdtbFumy1MTwGX5ApgwnkxUUvEaEzWC,20208839717814
9xsgKAU3pyKZZddPXdh5wLRqjdw2Fc93BL41JszhEpZz,209075331071483
2xKfuXN8HqaEi5L6Dwy2qZ3a5AJPM2hmZ88ZhgZgscom,22762507923959
EK26xTH6QLS5uubx12av6XrmKH2eotCwAG9r7SBhbhGb,21443393647389
EVvkB3QgKsHZ2Tj9GTnQ8mQZJUFmRTkH31g9KEmQ8A62,20694471988466
9Hk5RS6H7io9y2mcNBPFa9BBVnMuiNgGSHxrF7iNsNws,37158985488727
2P9ZYA4vBoBBr56hrEFTmrd5ctuz3r7wtvRYmbgk6jRL,178989160626307
FZrSKKsKfZJovcQWRQFDXz8DbHKCSRZLZqbBAGd1dG57,109427437291787
BxkAkLR2W3agWtjMXBNvhxmB8vsn7zhjNQcyfost99KY,209422225291090
5LqdfTzdPtnqTyKaduT2eRvtLgfGucVCJ3Gu1MmgtEq,78463114505207
2X7WoaXX9KPqNrNfvguhnwo3rjFPNsfw2t75fGjWRthz,21471818106748
hnhCMmnrmod4rcyc3QRKkLEC9XnPTvYJ2gBvjgFiV4o,189931449654742
Secrpmp65pBPrQJdXsJgQ6p2jm6aZ8fMnoY2FMyqPow,3451276475644
Ch2UBdfwRY8UyAKCBzYksu7QYwjCXprkbUo7AY9CSRyS,22559914378499
HNcSu8SVg4fuRyM3XV255totbTe6NPGhPSApzxn4V5Jx,20211289298075
GXdrhTwKXsoeMdUrrUpW5CaB9hgy5Eb9zZAzwHZCGywL,20265907340376
2GUnfxZavKoPfS9s3VSEjaWDzB3vNf5RojUhprCS1rSx,2499999939665440
YgiQDrpFRqUyya3bU7GUU8hnRvuKzfukpMEuMZHz54M,25723720143658
BT9ZFvsDfX6WpLFqmWEYuLuE5i3SxzdSJ1Vzm9arbRub,20217847827461
DSgY41vCWSi57q3DK9V5FzFpegSXM6YpjmhiSKjByiU7,5190558972505
B3uXszjkQfWAhs5eBSPvoapddJGuBN32ncNFi7CMjmYD,16522897373775
w3iDxC22CnKLUcST77cp5ZPGbEjXGrp5gvgtEPNNMaA,5415434242
vaoJKVZYPAsqc52T2nNQhABR1gU6Cy2koDKfCQaEiva,140639489082523
EXCMwETx5Txcvxt6YYqxFmhSpQKH5BVjdat3NE5eJJ6a,20501916088526
GwnQsVbbVsMhGqWV3gcVCF1364LRmftggyc5SmsYMLrY,23277222822479
4RLcStbSkt5S1Xm4mStup6N13PGyAfAWy7Vs5d7yJRnY,20184913763805
FVZLnRhj9Gjf77CtDFvh7jNu8avAnduJW5m365HrDLfD,35035325049697
FUURpC3LjVnxr21PmEfHtxT7Mfe4CVJXxESBjQPvmqTZ,212079585654879
5Y1VqvwH5ep9JGJ4hhzxFoupy5Ndkk49ggKpWqAcjszs,21933797309094
DRvqSY8pMgWPMPpNMnof4S25qp6VySBC4hcvi9EBu4ZP,20142625903855
HcZvwZ83PfjrQDiq3GLHxisTs17aGURs6bJ2LwtmL4qv,30058280882590
chdvWr6T14nqGRFD37KY36dsvhkCtDaufW5rpu3AfHe,189891453576807
5kDUMbzxvNeZmTsfihooJkgnFX71wgP1H8jjeXncRBsu,23117339425724
8vwn3wRePwXh7ZZExhsVSpzagnhp9nWrGJ4QEe8bXyQN,20502330759007
9NbubKiVBGWou2syzik9kBSjCtVY1KYm1HTcUZwfKuag,18448666246786
JE9hxH55pCpnxazNEAyNo4uKEoiUypif9XrybGRQ6EZo,8228183706362
DCdTPyDbXNHrmdv4ZyPPzEfY4mPAqH4hDPtowAteoNgv,180097812433497
D65WGLNrFZ5mBGZuL72rxqeHWP58yhXneFPUGz5mJ4ox,20246582377808
simpRo1FrQYGa1moicfgnPDp6KyE38d4gYrZzhjXYJb,321731208354457
HtzxUabNfYNJR43FUmcpkgmtANZahbq5iASB5oiboXzF,20103955015988
cami5ixFFZD3jLdX8Ef5tu8o21reSGoE3GpGRrQyP4z,21683433551811
CpgSfd6QUoBw1267rTtJoZhELqC5q7isKLojBifSbNEE,240067200301472
2374M8ZtmrpdY3ywb7fLqokSd2mRhvdJu2PUwoJmbTUh,65409142443896
AEHqTB2RtJjegsR2ePjvoJSm6AA5pnYKWVbcsn6kqTBD,2083334280438320
138KHwTqKNWGLoo8fK5i8UxYtwoC5tC8o7M9rY1CDEjT,43220239148835
7iKjbCABbngiEWbNtckZMNWf32VVeF88NhfUrWUz7GHv,28194816888246
Atom7LRkdXj6MBoWJPgjaetrCMrgB9nnkQBYXTWE8Z3S,117451100414599
6pEtDovpyd1zUMYPuNhMCPU37sUTEAtzzgoVVAh1G1JL,223238777103619
CbcGAKWLadLFUddypS57Q4TTb7KDDvXjHYtaR7ZdVUCp,20072532478424
5Cchr1XGEg7dbBXByV5NY2ad8jfxAM7HA3x8D56rq9Ux,2542988392272320
9SjGU3tzdEXfLaVsLpnTwP3inBNhAPMq4XKupUf9Ms5E,8859889090335
3hXhY28qCTKSQpamv4RoukhRkAQRszRjV1DY2Lebebrf,20232573242360
C1WasioKLnB2D9xiTQ2aDLS2cWKzaHLCVdDNMvgYtNMT,246806407286288
2dza8h6n4PkVL5xpYtbVbYJ2PXqQzFFpb7YFP4jeG9fH,20277806146593
BP1epAhFXxXEqo47GkFTdf9UuRUU2spKnuRxhWrAFED2,20076386748668
D8izqaR979Fc2amDoGHmYqEugjckEi1RQL1Y1JKyHUwX,209923995790534
AaapDdocMdZQaMAF1gXqKX2ixd7YYSxTpKHMcsbcF318,550570646025968
BMJE6zFwTXwPopVdG1ccYMLWWGd5aNPvm5offrqHUxXV,20244909455666
4EhF9QL4igv8YWGULJH3qZGDbai1ERQ7mBbyzWDF3YWn,20194724306839
AtcXisDWd3TWvgV74UzEM55xgMGHTrmYx8FVZz343EoH,19928429912837
2Ue9zGmDnvYRrJNEjuAdNkbbickw6fKWtbeNM7T2rakg,67214259230531
51cbXxXHtwQ5WCSVkmjBrUcbZQUJjCWxvXP4mmoJiJGA,84172176876083
5DbifLTeWTZCPRBntnnrsGPVXoPWzomDJ1sTPiWMS12n,19962691349969
FphFJA451qptiGyCeCN3xvrDi8cApGAnyR5vw2KxxQ1q,231002420290710
6cgNsURNykJ8H7eLQu7XbLZCAc2yrCFgkfWaEWHYHXDb,18300785569496
FoCQPE5Q55aHjn3EFie3SSgCZBziHjMqNQq7xMygWRYx,22577186925599
BUv44cVtsdvU9z2BfFGk6s5JZZWrmVnq5qCaii5ARyyB,3391067922726093
A4fxKaaNPBCaMwqKyhHxoWKJ5ybgvmmwTQmNmGtt2aoC,23777133156597
8uPW9msN75rfaKiwy8y8NxEX5zSk2WejtVv5YhZr3jCo,99189308488211
NdMV1C3XMCRqSBwBtNmoUNnKctYh95Ug4xb6FSTcAWr,111269220639076
BhcJRCZj9y8igr9cubx1H6cRAwS9XNZizmDFhfRHrjy1,20256851877444
GbEV1RH2cGDWLXXUEFJ8ryP3B1guHjkQ5LPkhes8BsME,20182100454188
CZLU7uNs1SNvmV1vodR29hwJFjQ2eVUXsQJwGt2SKVKk,64618655119184
1EWZm7aZYxfZHbyiELXtTgN1yT2vU1HF9d8DWswX2Tp,40559568598280
4zsArzr9cCAiBuGA3yGbxFtYw73eMgnaLS8q4hjpwMxH,22708993411256
ASryt5BzW7qsYW22xT6V5Bum49J2mEzucLc9bYoWFZMp,125846735017289
FYjejVMGsaN3v8fo33xfDxQxiDEdxw73KqgPymcLorY7,79069839559647
HEL1USMZKAL2odpNBj2oCjffnFGaYwmbGmyewGv1e2TU,13230731523357051
orbit1bWKxnECKLqjhm5rybTiEC2GEYbecyebgEfM5q,24594444713507
ChorusmmK7i1AxXeiTtQgQZhQNiXYU84ULeaYF1EH15n,978245893664879
EvnRmnMrd69kFdbLMxWkTn1icZ7DCceRhvmb2SJXqDo4,5358191433004878
STaKesuXJH6UGRizuEVSWG1tyLu5ycKgWj3i1HUdvs5,83063854521492
s2Meqg3YnYVZBLSAvXhLCttifWyppoPh3W6Meqz3J3v,20189758324245
5Mu8kLG6kNPN8Eooc4A7a9PHeuqutTM5hQZtfB72Gsmb,86460351581681
5ejbTALcBsKQ7Cj1iSuu2mY5jqbYHqh9gF5ERXLiYj1z,2502415680489477
7TtboPzuUFJg5gCjnPVJKmBRZhfEmoAnNWXdsX81N28T,67597161192593
J2ofWwssE7YEMrpN5waPQgboWgLdwprsfXUu7vXaBona,30649505406241
4b1onMDEasBh4BuPekQWijx3BYR64hAE1z2jJyeZUkck,141945241191356
5FbKKGdEaFcxGxxaLKVvBes2JxiKbreh8w2ZpMcSQ2a5,220083724665824
Ex1AxFCipXGfSxgvXPPT3nPQUARddCduHwKR6jHiXAaT,614760472013462
spcti6GQVvinbtHU9UAkbXhjTcBJaba1NVx4tmK4M5F,330708760776447
CpuDNi3iVoHXbaT8gHpzKe6rqeBasoYjEKi21q7NRVJS,183857715781103
Rosss8KdLc366Hg8tqigieoLiXWUwguw9giX4HP1UsE,67904261169864
BXAxLMMMUNYfC1z166VjWHR3WjTmqzLxB837o5ghmRtH,950701409600236
7Lp6sJYnJL2p33oPshdfAx5FSvYDFYRpng2gHJDTEQeN,20666081502239
DWGupvBwXjUudG1fPqtcuw4qe6ByDzzLhnbr5z7RGWsL,20062018170807
74NLx5y1Fo1kXXs9ATMPM1beCqRVw4d4zU2htktWQoCi,83890728919893
67oE2WCwhCSXHmyBeq4A4Em4W8Q6thTQQfdUtPmechuf,26869749256376
2XvCc3uuXZpEbRZVNYhxPCGAznTXB6FcDt3AzAeVWggV,79419639869032
CZqQqmFZYoyWX1NiDNpbLFQUUiH2gmUweFtRV1vVifc8,18484448219638
2ygDRJ14bPS91huSrv9NLPVoEk1sCVw3vzLfVE3dpung,1000449
J5AsxaHfWn6KpEcPRT9EZ9szvEMBQeHRe947UeaMPG3z,20210481288698
D4NAMzyruddCwjxwPfmKf1R2MNhviszUJAb568koCZ4H,24300773372919
8SoTWVJtTAs32Yb4E1N74yPX6fTs2pY15rdPrkF6UvUB,31063198068737
7MuF8X6oRnNDw2q2D66MYDfJ4mEPk4ifiAv9s21duwax,19974170167769
722RdWmHC5TGXBjTejzNjbc8xEiduVDLqZvoUGz6Xzbp,1818924078692051
GtpcBib8a8AJAaryYict5s4igHCfvoCM9qVSXTK1scyx,23939417787061
CwhdMezLucz7bcuWzStpLXgrzKGC2tBBiaVmJZjfprRN,44984795640095
4VBdwXogxkmnAhfExinGTdxctoVRECWndqCBSq4Thw9t,48616827344784
Crg1X8FftV44NmwfFvgREjanBQmyyS7NEu6duLU7Cyy6,232120836723447
FKiyMb5BzqKpe1Y4Px98vxm3XXHAGHgSkQZ2wZwmzoub,46702020846213
4o2TxN5RNxjiLvEbK56ZyaZ1bg3ZTgaTLpPRqi8vEkRS,82726550560023
57i31UEyDg4koaZMZ1wAHbYuezXv3AVaHtvJgJarxt3f,328170851565096
6RZshDYBGToKCniDjckyF3cR4NpuEVqZWwTcPZ54gELr,22486620654031
HgozywotiKv4F5g3jCgideF3gh9sdD3vz4QtgXKjWCtB,190820436539992
23gthKBu5JkLwZJZuSuCfD2BwNnPJurmmxS3PcoivsUf,80111287027011
2EiEMRvsBS43gbDCi5yb9GfRBghae41UFAbBt2iSvNYB,92860429459542
mastWEbKEMjvBCd1uaUBpNjWcfSPhXMWnH9tTrgzn1g,259470031832791
9q16BB7WGmBxf1nJTdxH5zPnBUhtHqdqXqRFjSjuM4k7,49664233458975
CfXY2KyS6PvGW3oeSb7NCFZcswRZp2FAJY9E96hCvvVp,207124972946891
2nhGaJvR17TeytzJVajPfABHQcAwinKoCG8F69gRdQot,225261472041517
CvnvV1A7bkK6Dp4gcAyFdEuAKLvqWtmLp5V23MUnk62a,20204764635940
Ff5CpTFzrGag9RzJBkGjeZGczzzGTNwhHSkyzQAbXJGC,36148030451678
Ag6jpXVMAFanMMzSfeKR1sKyrRbUkYZuMSBaAbjcAE8M,19986730070192
kAKQ8Fig9EV6njnp8sE2dox5TfBEoxfpCKEBtwUxf1T,1009243374
9Hzxq2BnACf7AJbLUBpuyRgtZtuJwFvNYAeah1x6iYcS,185424693322901
2oHzvvTsW5A2pLpyUSiT5P19CCvE81RAtSgWQXu6x9b8,20213606110881
FgHWJQfTqcMgPbwe6tQREmWwMXHLrGCHVMF4yuhNuysf,21240410953239
GVkVZ5yzu1Ukfng1GPfipg1fG6S9hF4z2Uwcn6T7WWeC,93459285715886
J3q6kWN5AREqEktDaAhLQuECcgGhuoFFZV3g6BHdsroZ,29626625529256
3RXKQBRv7xKTQeNdLSPhCiD4QcUfxEQ12rtgUkMf5LnS,421484220398182
AXX64w9VS82qbM6WP5FHSPK7qbnRtzxyAvjARsencqrZ,214824235450245
CcJX66BQ2Y99GQNcojA4zjDSPG71NSXCRLH2CVei6h4v,20403099313200
4vdWYn2KbmQ3Dns5wVBfz4CFQDds4b7CpsC8MHBhHAib,134478330129594
FLVgaCPvSGFguumN9ao188izB4K4rxSWzkHneQMtkwQJ,27155607794709
Hhn4usDjnktbPURJHbi4YrPdKudBD5Qq35mTcaQ3Uu6,57346258888481
AicQr2zCWBLiBwt2r6o7iTemmtyE7q5pTKyuuupbXEQA,1161146486177239
4X8km6XmBSk5NK2LfiqrcwxzXYSh8KiVUjdZxe3bzWKL,16369398165037
CvgxLegp56Qd6h6gPSrbVPL4JF3X7TKJin4KTHSPKjtK,33472723595400
HpszAuiaoGoZXfvuZds3gtVQ2ywV76eREHBGyyQovMhy,20127588416066
7LMg8n5DRe5UzSH1Qyn7say9HQshWjjnaURMBaNgxCYE,24412254567603
ByszyWdqC3rVMWy8f6jwK5cmwkpwYdwsr7UL58xS5vnm,159606601015945
hyp3Eo67t6FgeuWg5Qxbeme8NPXJPXXdKT4iJ4DsLf2,128960430316371
BM3HeTqJyYnZ8cnTFFFZUe79FzixzUL4hZNCdcQYg2it,16245173688666
b8ThsbsARWyjqWrBdU9JNFhXg8ZAjDaJtaqXXzy1sRS,124946134688357
3weHX7YvucD2n4Dix37TkD6rSYHp4FQsc7d5iUvhcmqX,20450335610328
DSRVdh9PQaqAcFtMCbJhyD4yMD5H2EeHNzdbqWctRY4E,21809659797429
6qfpcN1G71zJW4oC3d7qzSkHanqzJCZmdJHCGsXGEsof,20206905959749
ChkH4bTk7c5NSGbxvXx89yY2oU7rFJsr3Cq1gPNCCPVe,148704070627829
siuXyzrLTcrgVQ3j1FxR4m4JPquYxgC6afqdP5mntND,10025963343681
Ninja1spj6n9t5hVYgF3PdnYz2PLnkt7rvaw3firmjs,2517299384451409
iggyroq4YSBgSfmruSxuz3uj7dZvnsFXyZFXYcYy3FR,97071499032414
HnfPZDrbJFooiP9vvgWrjx3baXVNAZCgisT58gyMCgML,2182665921629860
DEyaaKr3BS6j7MEXbeQrZz74rN3YFoSbCgbJ5GGMzCLV,20380682518609
DrifTrN923QaouP89UxkQzFGbumKPCnfkNYQRwmZxatz,808150608712146
7qhVdVXB8AQDPkyMsp76VF8LphuCwqSYtr9SqkQQZbRg,199076472526486
8QQn2KJcnMxZ3xHJQJMiyysyWx94mdNCBwoonT3YN9jQ,72952750540390
7VL9MNDZcJNVaN6gWyCfErGHVXP4y5wQm6PjLjXSW5jS,4999995435440
77xRWv8Z3kaQpD9K3Den7YWJ7sxsf1KTnw5MdcM7Gtnw,19964481593882
vu1sGn2f1Xim6voHNLt4nLn38zNkYdLasU7hEr1TC2D,1182523539233470
7tegjkVvZmYSpGJQVpiRqKuehxtiAEEXyWk1NEbXriGC,232110410411441
9z7sdEnttp9T9bzoRZumMcKWCU76RdmrFPi42km7Twb8,27607261283892
7EzbSahSfSjeRexHcNDLDpzHBAGBLjLKtjbmuoQnEtjE,152298579083130
STPTshazcjH6cZMHzQBrggFSPHXYCTRGB7ctqS1AjkH,20220319925924
akMRrEs7bjjWWLPD57ghDiDBE6p75vDaigdPVcGajf5,20181389858648
44ZDKo96gQR1h2afAA3oXgutUzHcRXH72RYxhtGxzWYk,19047620414165
6aDs9tUm2gErcPn2c1TZnp5cu2bQV9BzyuwW4baWQYd4,2055723053519982
oPaLtitM6cwpFVzP2rDhLsJLdY2vcbuZiJJyD1TFUKs,466750217327991
99ht3D5QcWuZKSVJqCycdB4fmF4Da8vzropvd1Sbr2UL,0
2Rv9npqdWE1mLPsT1r2obn3xtKmA5afkxt8GsWeLnKoc,64570883122436
EXAJfWzR6SmYyWQpCrP6o8Ppj9YNPVLjdHZNssC12xjV,5112687511204
RhoAkvPz4uJY6F5EnmBSHnFFEeyA9rt9Rvp95G6HraT,85823283518192
Hs7iGFYpeuPhZGxGpYRfGkUW2m7wWkAGmw9xA9bc1tHi,22923961114175
RBFiUqjYuy4mupzZaU96ctXJBy23sRBRsL3KivDAsFM,679986903905504
FXfNZwnDQxNR3NVHzA3Xpctzey7AUmgz5YvWTHiUActw,16601149850292
2oujYrRmtDDTF3b3JUgsZ34TkcyrozMjgRHBQE9R6K8i,20176730583438
EfPYQ4BUMiKa6736qqrtnCBGkUSRDGSr1WvtyUgWHuyp,1954608340710212
mint13XHZSSxtgHuTSM9qPDEJSbWktpmpM4CZxeLB8f,394575220187498
JDBk7ADMifX7iEAQtUW41WUsPYvrC75sJm9GCYNqnw7a,20229885379728
PUmpKiNnSVAZ3w4KaFX6jKSjXUNHFShGkXbERo54xjb,845178964359403
E3uWZFRYyKuC78U1FaGNEvxKgbBshRmuTRQbWhe9eSFW,45518244779884
mrgn3H4uBbKAWBjdFKSGks3SpLm4q8YaRxUCMGa5ZBY,809735385229826
Hk18BQcmgSasjMGhNc6X5QDGx2VjQTVMdCciU2nXAL5R,20157384640761
9hQqNe3DQTiwhspatewA8EXhz12e6sq5UJVJ2qNRwnTf,74953728160065
8bYQFFFRK8utNNSwZJwo291WwhNfev33yirj6qwZjF3t,151322624312820
BSGMRbK97DcgLe4u4kfNQnmTVZGVnwdtKQBJqWRBTZxU,15782753035784
FLAT3fBhQxrSPyT1zvyf58uQGARiGtnoN3VW8R7i38kC,84489297357660
EUcJwf7jXskRE6NZBtFPVH2EedNvNYko8LL2WT62XctB,300007981800871
D7hwgGRTr1vaCxzmfEKCaf56SPgBJmjHh6UXHG3p12bB,20185734911773
mds2fZEpJP688PqJHvfLxGyf2VFrcNkvjuUxNYCwjrq,52957971807355
7G4RfctwLLgqG4ZWfCirU8dfJd87mKQWgB4EHQRv8i7v,266318346432662
F3dJbecT56EoP51Awv5RXtVTv498QNKWrUDu3rQ5srvY,20178768233724
LunaowJnt875WWoqDkhHhE93SNYHa6tfFNVn1rqc57c,138340814751184
9pBHfuE19q7PRbupJf8CZAMwv6RHjasdyMN9U9du7Nx2,261906867922468
29r4yNFTEczzMxLN39jPj59dZZjLZdr5p1HyjQC5Wvnu,84556808496473
D3htsc6iRQJLqCNWcC2xcZgUuvcd1JT8zoYNqraNcTQz,284883881557158
DzLjgYbBhDN8RrWks2wjdCXgZ1Ez9QLBMDnM5hV4n19H,23029256289125
BSNJGveGPVYzdt2bhTh3YfqbzWPH5Sq38zT1Br88Pn1N,20257914502076
FJDmjm2bkR49AxtBvABQphrYwjdjB54BP4XCW7ht4E4M,20103259111414
8zgT2JAcjqE32L9xGt1CZqKzBvB8crb7PVYn2B26taid,25003922904706
6MMvVR2UqSkHz5Drt4mmpaS3DBv8kvcrFuKh4sWNGCqD,24785413519424
6dtVKjb6vRwNAekki2FXhKv8WTNzQ3xW6HWMCNWqtoDy,260966233725488
swiftqGF7RFXSgFvTjBE4D7GUd5rUXC2MoJLKYwPjsh,160909471177812
HLv4d6uhQ7ViicNQ1ff6RHNNntNzmq1bATLne2kCW5VV,24475979854115
GoeW4aFK4dGoekJySgUynWDxBZiQJqm8GDAF4H53tDK9,3350359874254001
uEhHSnCXvWgtgvVaYscPHjG13G3peMmngQQ2ghC54i3,166703925281804
BEx3ZzH9cswWcJr3BcKg37rRURHmZPW98XY3RkXDprN4,20152647381586
tkmaiSoZ3F8MofkQBVWG6JYSCzyN6ioe7ReYXohx3WJ,43020961309483
H8FFpNiVPeBR3ZHG5YoULzY3fPj1eRXtXLBuXt5jEJit,20252593283494
Fumin2Kx6BjkbUGMi4E7ZkRQg4KmgDv2j5xJBi98nUAD,34398243380022
8YEbK1yGG5jfgR7fFMYhjMt2iT9aYftjkeFt1W1GD4ZT,1301585252
7hMD4oMmGT4GsS4DfBKzJ75wSjDhgu2pvcazbvoKPrNs,20140132493512
3LKjD9Cb8RKKbmwM3LphHEvfZdjEU4rAFGDDUiVnuXhJ,25238142217470
MNDEE2sgqVKYUTKTpGTqJhdQfXz6CHW9JPWNhcBkSj6,54657624867268
AB821LfpFBwedJEfoNFZRsiPvcSxXPBNMgjyGC7RuNfS,20213740363874
2Eq6YD8P8QXTeoz9h6JHjgZ55t8RSxNdx4waMDCoPmQU,33736913075425
2oygbVMTfRmUykKM7ZnRiPs2RRnX1TpdTy1LhH2rxF18,57194167057111
3Kzdcmu6yWE4AEhFdxAoWncLijpwzNB95JThHRXzvf5k,190255723657109
D9LzkzWYBMnJX5FycaACA6t5DHjnK9oS2hFXxKW8AmvQ,214544296380261
EN5F2BU5juUEWr9zRNNqKuQMi9zBUY1YLPHV5EyMrvnW,90427851135194
Ha1iade1AH3B12K9SccfWoPdFtQKKQsj2ZyWwxcjqJJU,40571609532489
gVALrRd3xq4D62KJNGDCpMMGz976w2x1Vo79mSNn4bh,126077533500133
AdE9b2Gd8q58Lve5veN8vvu9YdR8mer5nN1u2oW63Gxy,20072651437207
BjuD62v9RysrburpKb65UKeaAWRSFyi7pFLLxdE3dPv,2351387244208
7mYeuc2iBaWRpkxATYteXxe2pMjzQ7XhPgP1xG6vTjDh,551980079279985
34C9C4zhnjbExNcYzdYZyPccMAMdsfqKLDS5jkqcbUow,88649736552703
FaHhtym1F1ZersAivvZZTEJrmzrdTwTe3pzHX2LmUUFd,26567178399822
2XmhZKHmfjku3T3nC9xKhgr5bm1CAmWXqNsNt49mo82C,220598406335216
A2ebRyFqKWC414hsBdUwaWiC8YKY43xzUbUf3cYhfYNk,20165320259061
B9KuBnmo5kMstTENiWY5HErMgzyMcj3x2mrLFeYyumdq,18378102129203
3zfHbuMc8ijTQEK9LT2WhgLgmwhWwWrNEqvY2TqYiic5,20193309787454
AiDoLWFKzNxSXKeZ4zym2TEPkg6F4kQ3YBA8WhANVPEq,777718549557876
5fSQdv4zsAJNx6RKpGho6sL6rY6a8nziaqcmwaRJB9NE,20140639686092
FUpqHXTCKe1Lgu8oh75zoHzW7EQHNSmwSLzMjhEeNNBw,50000001001300
4e2KvSCgot2RGXsExfY48NdfykQSjgozV5FAXv13bUn1,20526813501578
7DWfjmZtryurJtUrpyALuuGqby2tjPzMjZL6vL7ujRBk,20335414357317
4QNekaDqrLmUENqkVhGCJrgHziPxkX9kridbKwunx9su,76069405651147
CYE4yqwnteaXW86qiLqqPM3aJVrDWivrtKhG5ByznCyL,9391416894
BJvrWSfonXnS2Km8iA9KLY6D6vS3GcsaUwUNPFBumTca,203575887064483
CoG8d9Fp2TFJRkAmrPMiPsGhQWHzdTTVoegEp9svRgmJ,323116400792445
Amt7zuksiYxTe3JAHUZXW7JDwx2bEHtWoed7hPBxuaie,1040647119
G4GT8z4AKWNoy3x6nuzxW83UfFXLXzrwn7DZQt4GvWdU,20493731749036
DqRT482tSPAyo9LAyXnqT1wgPFVwFTVFrT5oH1Wv2gyx,89766970803626
7HMHSdQkjDwz9Q5zAhEy83uzW3XHJchjdpMYapKXcKt5,177143133743913
Ap6kBVijRQTXru64yEy1ax4RMzsoJHxrJtXQXi76kd6L,16800094770262
GiYSnFRrXrmkJMC54A1j3K4xT6ZMfx1NSThEe5X2WpDe,65774808386341
A1GgCvSs374GeXguQk1u91sWSLZqGVUsfJ4B4KrKjEhp,6929313761032
sbidYi7fbif6qNsMpwBKvyF5DKcLCbjaegpADsKqNux,130349177242565
Fx8ATrRvjMnmUCjjDaUFcyjhbLVPzZJicj32bDcraqBz,20210416681125
HUcasdKeLaC1GMYVKpQrSuJSJUAaZxyVe8zY1NoAb7xg,235528085639457
5N9r2ne7dPgHtzeHC5ETJ3DAueKQiXSU8KAmEZrrojT7,47775013486356
H9ENbtmy2tWFtAJNmpC8xQtbcr1NTp4FXLdphRaG8L2T,41334355049997
EAW9vxqogvdPNapq7QTDpiVTHK6o7begUhPVnf854VTc,30679542039357
EH5ujShPgVXx67Ywwdinm3mbsDDxrv2V7NyFiFdDbeL2,1404192499
Cogent51kHgGLHr7zpkpRjGYFXM57LgjHjDdqXd4ypdA,685447760286490
Bnqie7FYWudbSuBjyRHzoKQrz7eGFxmY9wFAMQKKQjEe,127686064631944
2mDrrmhSzpSyaF12izGk8hnFjtKCGeCFPwQHpRiJDby2,197298426039219
8ebFZA8NPLBZD91CwsG1HWQsa2B5Ludgdyf5Hi3sYhhs,134484976091236
G2TBEh2ahNGS9tGnuBNyDduNjyfUtGhMcssgRb8b6KfH,1527803385787301
DARHT2kULrSdWzL4Fc4hs28s4pfMa4aB92631AHUJkV1,5238387115044
AAHSdsnRREfdQNzDGRxai8CLXh9EPCoRdwULPqBYd9fb,27649320245580
A31PGH4i5xGn7SHWpsQRhpBYUwanRuqNrHBp8bSeCSEr,24795681684337
2EutAcbv7T8it6PfPQ7HbK2KFMnMC6anwkX6C3RifE5M,94559243680018
8jAft2jnKtjx9MQNtiR9cE3RxrsaL8sjJJgCbHAd1XeS,62170453649473
Goo7uPA1ASVX2Ws4JW1eAjQxBcTtjMdpAHBtPBzi8yN6,161010126067143
PULSARKCJTG5xMoJTxaKHtVzr9H4Kv84haZnnewArAG,65181028793079
9Mo3ap3jpuqQpLi75EsiXLWfTr1cbBhrJNumoq1wnVp6,34641232956042
DZdEsncQ6Kn3qxBeCiG9ubAYiQJ6kRZohyKXq3KBYt7w,4776399284002
HSZfYvEn8VnrBsR5Ner7iWWbUcRvLsv1EMeLndnbhPgY,83506564485377
F5CRSKK34yQ1G43WnnP5vy9sj4YxthBWM4ct3wGzaB6n,20195322184847
Ah95vWS61zmcbreP7KWcJizUCpQqnGxN4feEaeADfX2d,20213179621018
sh4rk6QkkaHkYtn9TCNjTPmAk7yBHCNw35pp1KHo4UC,22037340111243
3hsiTfAvGGPxUdrEoaKfdju7Jypm6YDLFZcZ6dJXGvmT,19852976343415
Mwz8VgAEnPtfqS62r3ixrFiMJwnNfEwR141CGnsTo5k,29789693039089
meshRrDTME9cL2FSQ9E56EncfkZ7vL8apwcCFsw3o6Y,28903163029834
Va1idLRtYEtVFJFsvz8vtt1uCJgea4Q1zi2Rh3eraJh,560707597928446
9cDdzkrimGrsNVKKRtN2Q1ydBwDxjDtPGyyLRgnUYyAQ,78981335157293
SDEVqCDyc3YzjrDn375SMWKpZo1m7tbZ12fsenF48x1,515357171859626
AttracNGe9bZnr3YhWZAa2jqbUZB29zWc4RgQLLYz2gJ,101034146565
jagBNeXYncnn1hzwSq1JJ16XhWTgQ7DCFVqndSJZ6vT,79675102602855
DWvDTSh3qfn88UoQTEKRV2JnLt5jtJAVoiCo3ivtMwXP,5106423762819687
ALTph32sY6zWEBa35tNyYZ9eeLq7ShKmybVfJCU7MSLF,23434135295317
6gL3uHvuUjaPp9mTBf2VZ4tpKiYhbWyPrAPboGByzEHd,20365453558469
24xpPUt82of7pcmy3qDvRQjCfaj7DaEiM3D4UDEYr3y4,19914638569210
SP9K2c8Z1aaQaqdQgC6hZMJ5UCTTnE76XNYVse7H94b,37613176147759
str4t8cca1qmHtdNkZVYUkkpyfAGbBQKE8MRQBFQLCx,55136215869189
6122X5K3mo8QMwXZW6wnP2n1j2wQoa1Ks21Ckwj7L6st,20203982820329
DBfh9QUCZde2U6buTbNhxSEnaqPV9Z2cfmjsBJu9qrLw,83838963583552
8YZpv8JDZmqWa33NpBcDSUbUzC7qHXnHPSsYnrxzj9Y6,176691297417633
6M53yM6dsE6hiaHgxWvYa4fsfzQTGyAZn7rM6JrzbqJV,253066938275725
CBHHTRa6YtuUbNA1v6b18cAXExtbBEDRFshJiEJYjWzC,105032686896356
46nbPAKDbvAFEDQxP16QR7dQHTMVGhnrN6gPs3FrSJzc,2115283462986004
GpSBerAanZz9TrWitn85QoMcDSLeY2GTG7owk3iXRfGy,20188216496689
J2obR2DK7gnd6H88HjKzEYuMyboDWRNpbzwmGSh31nnu,20071021535816
BiU1DNow77wGwSXW1bLmkcQe2cuySpkbz7xtbitD9Fmk,221246776766385
5X39mKkK1QJBnFmzryeRbVmSKQDHR8bvUMm22gQS95YL,254178447272
7TYbdqaFpHbLUWBe6fTc19XPweUMN6fB3GBW3TzZWu1i,157781054387219
EdGevanA2MZsDpxDXK6b36FH7RCcTuDZZRcc6MEyE9hy,190327243163128
cybi55ebub37HZW9YmRaLh59Lh3kqaLTsEBQwW6vFkC,21216433616474
makot6hiF2ZEWy1yPF5otx73VuXpP5SCUeCbZiiGSt4,1910596349882
ALPHA6rdHZkx1om79xp47vX1iZXcbM3qfEwLyttZ1T7R,66816487920850
BGTCCVF7nmLeGpDWp4xPCieyF242tUHUa8LgVcLBMobw,20399657051902
EUDis6LJeJzDHTEBgfHGQyjHp63XZkGkx4E69xunC2Ej,229966241389015
8GLRbAstsabZuZUx73AoyfGi1FRCWSUhRgMugFyofEz7,195228280170580
idLi1KLjkzEmLvzdB756HweHRmpuC3AGkGnK2zhWJ45,78668084873485
VALETVDFDkc7Hgv2V7QRfTmfH4zAjk23zcQbaZ5LcEw,6928334121734
EydLxzdWfD434DDxZYXkTcajvK5VKH7p6CofEDCRUkJ4,196445416535778
HgrgNPfY8DsPxxPdmjxNTFXZpgiknZvPMXv9ipbZbbVM,20239439719755
8ZvC5d39VKnz4UUJV928s76Mv7FdSbX5WwHCuCFAanj3,76685062640841
HMWXfjaeSHhww1wvdBhqhHVP9v96mFB4LJ9xP2MXbDGH,32242446569334
HW4zorvt6xDwhU36RqjcWNwU8YMj9tiqnAafBKW4cqV,177577381321285
xLabscif2DLnYg39rQThqi7A9E45L9qiysRZhmZ1ARE,102824428296408
sZAqxCSN5kkVfG2s65Bje4jzCkD2aLyk21qU95PMf2Y,28188956265763
AnKWYWA1zktynzWqPC5KQFYWrTEWNny2CAHbAVU9zSXT,21239040926854
BJafMGt4t8A9BENBg9EcXEAqUSgBLaQZujQqvrsGMgtL,20239205418456
Syrd2b19zpvDrSTSkUzRUoPm9xpJkPtfKj77oGDCUHN,20511585069092
8a5oKmUfwQZwZHV2NFYmiRLNepySV6cNTjEoW7pEFZBN,76654646641503
91DHuNCQq3CjcUrhfjyL2JZgGZ9Xip2Ct1DVioZSeyMu,5380977200945
JDNEkqjDDDMHb6qF8toRdg5geXkMXp4mD9hA42qn9zVh,98121946527912
3BeharBd3j4sKQp7Qze27JLQLd9AEEwGTX9TC7dXYSNw,25548467327868
9oJWvtDMLLM5U5hQ8iZ5LjbZLtHHzys91hvQC6esmsrJ,20301158055590
3WDh9HgusCujDmXCVhophLrHvoKHQd1Sd4uFHz1Awo35,66667436750705
DTSUkYHd2e9P2HLyZfbLarsbDdPhQUhZnWjRYuJZQRC8,2310187997794052
8pyp3vfVPRziYdAYEyqkwytdBbdVbQmHqfQAVDcRV3w,383676271262179
if4NttF3dYuRApxa25zmGmRobehEo3kU9jyeuZRHsxL,31832616645058
EEN4pf92jyVoASZ6pQQMHcKXTF4d5T3cY1a942QhRasc,16455087729932
4uDiKoXNJmyxuwhrTxpbw4pwqB3YzYH1LAAwvuMCMKGe,997717120
icex1C6pnZxznQWiHZZANjGU8nZ8kNquFnjyY7XXrXE,98062966842062
caraQ1NEwdXDjP8RE28XhiPmzCGNqF5zLNqvjoeDNQ3,102295169448936
23j3TXtLzh8fA7GkCvTs2qgfe1yYmhEPV8wGCYDkL3Ry,20256979996461
HLnodbYkL5PFA8hjAZDkm5pGzV7eLTvcs671AW2L6St9,1211760632608207
58T8cF983TnmQS1Q7J9wW2wdKoXTdA5MZTaRR4Djyazf,30651265541434
SPHERExTW7GaMgS4RN6MbghYvXU2REfFWHgpxMH1P69,12044284956723
EUeraU1XSNyX9cp7dA1pu6cF5rJHUZg4h8NVPRYUCoso,108434740
9T6SNsBimjCRJpkEjiVsc8AcxTBa1XVA7RjnBGGfWP23,22116269102395
J87afqF2bDQQLTQpks4SdF7hXPr96SPTdJ28UJXXWr9N,20197019310311
Ft7vbKXZULMQyfxCaMUzbMx55YyDbAHP8WzaWfJpty4q,6320841233554
7V9wedkL2UHKqXbEVgCeupRUM44jHGQKMnDoT1enzyNm,20396629444272
5sQqxRuoBT17zbpSMwbcaRxZX2u3ZjfTKC5RAkspEwXi,21015616822224
EQhTjikb1L2jvxsCaSW2o2TuRXh4Do6HzBEWCxpeM44W,245618557237487
CbVp3Sb3iKYGS8iQT3pQskAo2bqAQRuFBdeFCTfCAN4Y,105488218190341
CtvdyHYt8cMuGVHFarV2RADfoCdnrbd8e9jAsB225uMW,35112023185013
FfdKMwFrWJSBdF5N3RPVc4r16K9KnQcVw2boCpkY5zVi,221884848778366
6JKwz43wDTgk5n8eNCJrtsnNtkDdKd1XUZAvB9WkiEQ4,1189574224747208
5t4shVsKnUqgjmhK3fFNsvyju2E6Rd7cc4S5pmqqEVEW,103116062965
31GGcXa8K47viSJMSk1thwPWbuF1vBY9tijL5wH8FoYM,90030770904631
9UM8wQ8F5oMiRcP5YdqD6Lr4krpBWCD8LtgQYoisJd9i,0
E6cyDdEH8fiyCTusmWcZVhapAvvp2LK24zMLg4KrrAkt,67198838037220
DvSMQm6DQqL6wJGZURVRj9koVeRMS7tCeTQNtVCnSYtV,42729015669618
Fire6ZGPLaqBBGWXC8PgweVjREVXRhwzgRNkdGs1wfQM,347626031389109
ET6sihELJYJeiQ6z3MdpSnbHWPPJ5FUFjZag1BtxVX6e,20286521815510
9Z2TswRKvvS1d8YZVdgnJAZyqwwVUhk3QLp74J8pEmXs,193963481119711
4Kbcyn7JVPAWLRLPsNGTPmcNMvCkLTw51ZLRhqsUC6jP,20088237318267
ACTGYsH7bHbaSP7z9N86oLPHBThAELbGfTboc1VoFeZz,20104122786164
5EhGYUyQNrxgUbuYF4vbL2SZDT6RMfhq3yjeyevvULeC,3598006052660020
parafiUS6h6oLhCFwhjvEmQJKw8pF1iXsxMJdTq46dS,25436770714880
HpcB5Qg8Y9E73dUkot5e8HkgAJbExsYeUzniY4bCuKac,2500000937382560
B4dn3WWS95M4qNXaR5NTdkNzhzvTZVqC13E3eLrWhXLa,233099919114869
NWY18yrPHsTogTDq78HpB51D7gC5AGRsvJ5pPqSchkH,134203166629764
farbZXR7aBQSMCYiUXzoS4pRUsvuCZ38f6AXMXiKACf,6980467583491
7Nu9ckgtjobZ3MkbadGFKEvRymYuah9HmcxiUJKMM9NB,178739926508132
3CKKAoVi94EnfX8QcVxEmk8CAvZTc6nAYzXp1WkSUofX,20252951357453
9jnYKtJoHKsR5XudQnvR9cXTxeorQf8C1wqZvU79govG,93511138159653
vsxLGNkoEXnqhW9iUJFSKmwy1fpuKBVDSebDuMVqUMq,38470802830138
FzQqaDStQQHs52YKeCnDovwSqvyZBCgs2kJcmvoFZwaS,2536560181873510
4PzTWXMsSY8ueuEZvcyVWhHHeMy8sHp5SqDtT4ReoZyi,229371458556563
3yVYQsesS7eUEnpvyBS9FmZzFz1YNauM6Mg3M1oBbDC9,20149298010062
3MVdbyD3niYjAj1uskREY5UsxqNj4nvPHn8fCMahdM71,84120174029688
FACb6bbTDRBHCK999V8ox8jga5JBnt1r3vvzmAYAMv2o,136910316517633
7zrq7V8TkL8yw8buzEqnpZXH25jgQjLERNgQJPSaS7km,20167906541265
EY9dfKzLHCetix2ir7tmSMhkYrPfWSUYKn8XPKzgvdgK,20255747786452
As9NxA9bCfhrVLAFyGeWG5X5iLYPGhU3R7nLfX3tN6am,191139036377567
55Bp7VEw2WgTRNpK1diKKo9y29edeUm4kmzUaLUJn6t5,188575091374592
Bs19Z9SokV1s46jutN9tqqaCgYf1GsVyyytVfkzwn9qK,223826224601440
5ndCsM6pXuWyY8s7HxWfHBFXgJmPw4kekc5RhiSsy9iU,45053374382041
6mCzwUFcdTuz6fFJRA8nY1iXNRJqPpXU1PvCfANfVXhh,20502009484045
D4ujBcx3Wwc6rHhx1DFdTZL7vfDJDE6Y2BvRfE8HovBF,20202306598982
2VA3q6DbiLjbrLgnkiZ2fdyuRyVBkYRgqBDwA6qYiSDD,81741615506740
XRAYzQwAcSqPt4T78ibJAUPmz9rjsqkWzCxmXHv3nir,82889484015767
sw111gPaikSJLqobN3s6KogBD1zGH2w92ahqdKEzjCw,41582849323083
6YDWxPaJWpZxJ6JLGaBeTJaGQn3gi3Pwtivii9cDyDHo,41811624475169
4JryygoiM1j324fYkeBzcQDcwRfd2WpgkEzUePFj1rJY,79055671627836
GMag1aGPi4Qi7FYNYi9HnAaktSRiWvZ6At3UWruuhEcL,20208919598804
ppppoqHcHVzigV6SK4856BAsNxhTAi32hqQQWrziyHE,78262396367320
Hj2jzpAp57KyM3SmnYwJbDVrQ8tTWizMon2hhzYzwxet,174364687276390
4FdHhNNGYnSfH6NgghRxYonbs5ugS7FWuvyCmFe4Z99p,139584704890
RFLCTDRBVZTEbXrCd92jnKghYeDJARb6ByK2JnPfQmH,10424613706376
cvCspZCYMsymAqK3FEVL7iVq3zxa6KnkAYPCugA7PXa,53844012320305
3rqEEEGjHRyndHuduBcjkf17rX3hgmGACpYTQYeZ5Ltk,47934629163405
FU8F2V8yCFhseHDc1CJ5Sj1e5AbGNh3MnSe4REYX7a3P,168077344329048
C4bgengueVA9cRcprjutgu9XgvgoaaFnCqvpZaPy27xx,9596799224148
SSmBEooM7RkmyuXxuKgAhTvhQZ36Z3G2WsmLGJKoQLY,449517144175347
A4hyMd3FyvUJSRafDUSwtLLaQcxRP4r1BRC9w2AJ1to2,572779198930199
zeroT6PTAEjipvZuACTh1mbGCqTHgA6i1ped9DcuidX,33855944299418
61QB1Evn9E3noQtpJm4auFYyHSXS5FPgqKtPgwJJfEQk,165922771725482
9hrba377Zj79CXruwGWuorFpGVcYXJHqpQNUjRZErGn3,20191667704224
7tUdS2aVLhsGJR8JVbkvCUi8qQUjZSj1Bqqu73LCoJQn,20065897228476
A963nwma1r6tr6VgASiHgj9VKmvXvbFeZHoMW6XT1aiQ,37671258588563
AFZpadQLDCdMSCUf5fHAZbGB2G29jdfoef4kmytXVYzG,16505007482917
UZBmptMjMSQEPKm4WyUkJeAuvZSqTuNK3cQCKFqJcXT,121183932035961
jdrRFCgQD86iEZQqH29DsCRr3LBja3WbspbiHBgdm7F,20198999348507
3ARtLeVB83RoGAwRot8dh74pc2uqbPi6JwbkwDzqk91m,20111374007915
DViARWAWKkxAzp4UCgbw5B9pLSrBY3PaztFErcwgVUKX,188356627966385
6m8Dbox8xfp4iB1FWonNaLnJWm871QRUCY3UifD571qA,64974429211556
HUX9ouTwpNGCqN9hEgzv1KkvQyJjb6pCuyYw5WCifWzM,20146813385544
5NMUFJ3gJxGw7tqJToRUghX8VAp75KKN2QdECZXbQoT7,175143629385701
3KW9MzaoUrqXymwZKMph4kPaJ37JfCfw8LxsZnHnCBGS,23183120362807
rRLKNqoVbxSfff2FWjXuEjEkHKMscbhYe6vAQfsBJuB,24614768279378
5WgvknZoXna3Fm8qiAmi2D4sZg6u1iyCWNXWxhAc9p4B,204044939102275
3Urw79qk7EoFoxwPurb8j3RiSK21pcP1mSVe1q7HGXbk,20775247924295
3XYpu62U669RoyiPwYykJfJZdkuo2dF3X6p4BBMFD7JH,19893655440405
HbidP4hpQdwhkzrxder3x3VNPt6DQnE25gFG46napD2p,1835664800728540
D6uUDTEgXDf1yzLuQfFFCEKF9a2Ri5trFAWwaUpKB2ji,23755245267905
7XCbYkANgiqgCoevBmJMAwYqD4iuKzNEJjd2XtF5QExp,22159849850982
4NJni8eC5AS8u18pyUHwmVcqb7mLF7DbRTvBopVj8Ptu,22384828477322
4yR5uFMdBqxAJivLBz5hS5ooEdjgCkegjKBYzkCui3Pp,22661836756641
GoLd56YQz8nJQnCsPFw8g5hcxrNaQBvCfAgbtwYFLbd,0
9gFxqsXbFyrKXUkqpAatonn47uYZ7sEZSnMxhzQoXrUJ,226861493659407
sce3TfT81rxYYcdbP1kBFMcTK3ZBc8hvHVeXD6WLSzE,53893064895245
9HsxEV4kiSWBudhpXkvXmFuJgn4cAKa1nQZSdJc5bJPP,62757452404009
6Rk694kh1QTyQkirdb1uDZmS5xqG9bNaYtxx8d311Mr7,225533404181473
245B9WFHUGuWycSXHagHXwsXGcxDkNYfxWBaeh7vAHDU,107013473971696
EGEWM1gcMKcZzgtwxzRP9qrKsRQ9WMNmJA7Q6CjY8sVC,18394698930416
DDnAqxJVFo2GVTujibHt5cjevHMSE9bo8HJaydHoshdp,2455114123645893
HawKru8biWFAvyjvqHagCjmjX1ycb8htoGeC8YYMyZc7,20186188337066
R1parD2CtxPBGPABB2m3JjuLpGgNLiJuLxyt7qvAJR3,60660487576918
76qvvT56uoMDwdCZEekRH7FJZLvhkgmoi2iNuTK7T9HL,92022859022439
BCjGyexo1i7qpN9CbJ9Zt8avWr4Lb2JRtcm43sJvsgQK,21273482739194
4YGgmwyqztpJeAi3pzHQ4Gf9cWrMHCjZaWeWoCK6zz6X,25793063779710
nebu15XQKGpxzhhckADBX9PgvGN5qk9RRJCFLKc118w,36575822715547
3QduBTMSMRAPbRhSmoEYQYPC85HiLmAtjCt2y15Bqw4E,20174404900398
2ufnDYz755WuHqGCczry1ACTNUVZdn2cm43bCyyPSZtH,19000998717320
FZg9duNJfiSDCPnbphbcKrucFRiLNpjDsdZMAa8HjPtx,20805899369333
F9Sq9BxVPCBG4UMU1XAF8JBSeKhyWQdLv2PPizy1xQZx,16838257228288
3raZLZE6gqVDAHDqTkJfQ8eWPAMZpWgKLJP3TZKD5iVh,48667035289321
2kX1VME9AYwFsKPc7NU1xAZu9HKxWUHRMbhcyXLJiV1a,20792002861755
BM2vE2QqkB9fGtC34WPtM8drbgta13SBkhRq6dRG9J4J,510672565017127
8Ey5FDayWYgJdVoquScT2hJDKWk7nQQfqzfGBt1emJpx,20870431396442
Tri1F8B6YtjkBztGCwBNSLEZib1EAqMUEUM7dTT7ZG3,235622182087346
Dx1VZXPvXiAj4wydmDGdizkwvwpQXVSTfeVz3JS3xavj,145137372500338
GJB4EwPmSu5TXpHKsyqFVzdpoJyiati1aVQamUYPWXuJ,23191126776332
GkENwt1ckLtrNe2XBkizxLo6npPPh9WZqsgeHgDGf1hK,20252059613074
TRUMPdBAv1xG1BeuiYMbeqCzySBVpkPtw2bfL8x2GJA,85883032888435
31vn2U3Ue4fDHqB24PU4qNhynGnjNDtUhu5y9bHygbSw,20838742628524
5JQ3zhHqFdxSLTAturANGsH9aPejugD7L9Zd1AG644VU,16493104809059
VymDdiepH77edNcNcKBKtRUb3gbQPtPyGh5NLcWaynj,3716579336440506
G1eAmANVWf6ZeoxG4aMbS1APauyEDHqLxHFytzk5hZqN,58770255063822
ANSEMDVtnp4EDAT1ig9Ld3wcrgaStvUGSNe9yTHYhStK,217485221792
ETWk442PcDzWbvpnYTwdsvisvYTieakjzyRDxx9pbxBj,20308999036667
AdSHK6vpQnwHRSw7jXUwjMEytmhFwnynZSENhvpAxL1y,28142238200940
gojir4WnhS7VS1JdbnanJMzaMfr4UD7KeX1ixWAHEmw,226717068363556
8augxYLUge2iWmitQMwbcBL5VQEpsM6aJdRofhwpnzyw,287311360736573
AEAJtnjjB19XFreJH21UP8rfd12f9kxMmngwZG3tGXbP,217338801686370
32jCuWyy4aJjyv4gd4DSGBHmFU5KUSSfqbmPb9GpMin6,22503638197419
9jxgosAfHgHzwnxsHw4RAZYaLVokMbnYtmiZBreynGFP,4349998478039680
9Xm2WtKW1tEpY5wxKZD9XbAmojHGGtjiGeM3LotYT1Z9,22798556162576
7SemrpW1SnhndK2ceWaRQKeAbTY7LdBaA1ctUmFg6jmE,89756111849008
CcLocgmBiGiFGL9S85dG1Q8BY3vSXVJ76nJKYfdAj3Ud,20203621456443
hN6om5PAp87yuy5UcVbwn5fXhWF3pEJcarFGXe4c6XQ,20232350246830
GYZdxwPwV3wTFVC8DdZuJQZDDRCg45AtqUai8cpSyAga,20033306271900
Fz6BL7pe2F8Fc78ZgLrPuXv9w8rz9UY3AZnDaxyGvuBT,20160579640316
DqBvkYXi7HjdaKz78yakiDsaGuq1BKrQi3Z5JV6STctz,28089911570098
31yTzM6jWsuMkfmhNZkYGTPLDaiAQ3vYDZHEwjb5uRRq,672817268273
D7a59Yada8zeBwngcP8aikfSkrGVWWDpSWuW11HZqsDC,20276943622427
FwnWx7x99rGwLmipzz8ii15NqcHkKRo2oS1Y7j6LivgZ,255858827275941
9hNj1a8xDtWsBzDWv8kk3yosBhT7UcohLEuV72ZJ4QZs,20226809300696
krakeNd6ednDPEXxHAmoBs1qKVM8kLg79PvWF2mhXV1,4714653762264658
STA5dMZHibCkLtWGXmEADpdkR8VRkGTJf1gTSMyJ1YU,171420544025318
axy3tCRL3wmFMVG4c69rYurcf4fXhBo2RcuBj9ADnJ4,58095670796417
DMGGRvdRwhqrpo7LLnUzSkivaTNoGCsU4NtnL6czYKYG,44704974807129
3W3NxpDqirkLbdm76zPV9giJycwFF9K18f6YgwHpma8P,20180142973821
Asju9nresVBNjVMygiCUZCgWJVi7reT8aHE6PMc2tTha,20702535424077
8fp2i8jhVcspsXUcHMQAnfQknT9nmuxFASdv6kV2FkwU,28700182231063
49j9bnkdgVNxLwsZ9h88sPR5MYEmsUyKrrJ6ZW8ijBrb,21079731751691
4rXCssbNbfGjPH727pBJXix3DPy47PN3ZVGMERdZQQ3D,155081926520933
GqDCbnafLmKkdqiqf278jDLXqjjZMB2sViZQtR82jPUf,33790727551097
6AJXcQ1HTNuwMdsSJC2cJ3RU4SY1P8PARS6iNfw9vk1V,20157339492940
2gDeeRa3mwPPtw1CMWPkEhRWo9v5izNBBfEXanr8uibX,323260048801580
JDktbt24QhX6B8x56hL5zruVuw44qYaox5jN2cSeM99k,34228636881395
C17WLnQTPjqXgmnpu2F1WfbeXdSbzufvnMHuS6XHjsAZ,81231435989527
8j5kjKAufwdJH7GitGY18Qp12EhEQkVMc4PWZzGeH8Gw,20283339042829
BJu6CLyEP2M5Fvj88DF7ZcJYhs9qb2FYBBrVKwrFYoQk,182675531056430
GREEDkgav1ox1jYyd9Anv6exLqKV2vYnxMw5prGwmNKc,627672107348733
Cu9Ls6dsTL6cxFHZdStHwVSh1uy2ynXz8qPJMS5FRq86,302397666323273
7rJbC48rxYNb8ieLg8e9v2Jjm6vwMNTZra4hSnFChGuY,20178438383289
CmXajDrDRcDaYCNf2CBZnqXJj1t88gdjbTksWk8VUDLX,27265069974537
9Yr5Wnba6Tm9Hb4gBKZKTgy4qwFaxGCTW8AHMcQtaT7X,31925556392251
3UvHZSXR9TkRgtKfaeRH17GaiWtCzujVmXK3K1eYZRyg,20200963063816
FWSHEWDt9ufmg3JtmWzhay5zncUiJHA7Xz9hBmdx2pCU,2046962366
4677LFwtHEGtAt3s8dK56JsA28BEu8iP8c5s9KHDMR7p,20463069148857
CTwsruptUccEtZGNxBDbuusHYxkBX3P6ndrxVjSG213y,181448759281751
BNtHBLo1L2vAG7PBQ6mJvWz7GqVPxBnioXsY2Gjtubrg,36545816542988
5Ws3nNtvYutTA1UhwDkr7Swxgrfa6PYtnGhADSLXawt,7717120
8Y7SLeBygba7einxtGCaCKaQQtUXBQrVtqQbmDGErvXU,191585984024974
4t2m68yq7z4WycsdEsNt862rvSPDn4SGmc3H5eJXCrYF,21125357807000
8aPHvzVV91jZF948tykkoF6WfgLHppNfG8Z3V4gCrDix,20226958003761
tcrkE5QNG87Zbexm6fdWMbn7A5MjLC4ML7i1JfHF7cj,75090171328111
6ppK739xi1QmYhugesiMaNYLsuVPi1HzU6qwGeMnStkV,26917923756139
4mopxYfAN5crk4MT7pSCLL754Xo1V678wLX9wDFJTpvD,35048880657903
DUND26mEDfFeaPsVof3YvbXDRvpuQX7HMUJrLgEWzYw4,2499999992171680
8cnksBVjDPspn3AvmxJd8JKUdh4uWDDXzDemPmDctaHi,20228116468860
DGy99kucsjADVPu1rw5WU44M8gsnpDnsWsKsbX2DQWYL,58308958915150
B6v1XojHEAjwn7LB5tjdejyjNNQXWZv4KDAcBzxyjBAB,53672497248649
6qwYjs5vCSEKaTMBbHinnW8fvdGj1r8cpzPoAV1EHKsw,193481967483797
TiMxX1yasS4CiGyRcnn7sy9T2fvaNdFpkf8tFDhhDkG,89011865681814
8ypigreunb34pCiQRqZzQoie2ej5prAjovUq7sHB6gMZ,44359106923332
9MYPYNS8MmwcrZLGndHFvw4eR9BYhdfJj6jBk2iHiE88,378043951871305
EnizqkyVhbnMiQLwECv3fXydJvkoFzMjrdVtdpFWxNQt,25364433185259
siriXy5CcarNiz4XL8ssBQGiy2PwReVLny3Bcxq6Ymb,134598562185
Xoir1BnQX9TbEvon9HRbD8tkjcD9dorsxmNjZAV64Re,30672431528976
6PvHaibtZhuba14dzbhGFJRASYX3Ka2oviRzSbXV2wYC,985133148396458
3kiyzZdvgkxhkef8v8cgbWe7JJ6a7NyNDpXMPnEUpb7x,32245800538833
5ikB9XZNVsjwKb6hHT3FS3So1Z1SrDvU5yaniWEQyDEG,3606038160346895
A1pHASAZXuR9EWexFBY9wttgp5xgLfwPjZYP7748fm8e,3744199469915
3x9nibnhgBHWKMRiGnsXJELRBjviQpKyigfrXtKW27KJ,52427077078586
6xz2hw8jSQ87Db97U7Z9QQfWUBNgw5Hih2Zbn5TWCiGC,94476813667457
4SKy65C9373k9WZnq2ViR7nq8eCu32TkLhoXq45MYQm6,305675372252436
JCXZCN5fkQuo8ZNQa51Yxyb8X2PnsASgb9PTYNYfnmhx,20195061610267
jqHuv48qXtPtDi7sL7erTLiTeVGC9UFRpKCLSsi6HKn,1782498486209
H3n2gVjzxhMWTXgqnrTfi8WdqAcQFuoHy5SqvAdqkMF4,247284177283916
6xWLi1TDSh65fWsSqE1zdvANTSuVDRMx4ghsGJwgunS8,548257543287
91oPXTs2oq8VvJpQ5TnvXakFGnnJSpEB6HFWDtSctwMt,228917242912939
JokerEfTSznB2aTmowy4QPqjyajLMuYM6Jd4TDnKPNc,50109608520019
BuonuQoAR74GoMwCFhxKWVWWSGGt2wfbNmQ3cizaJ97G,23002911182759
ATd7yhK41qadD5V9eiq7UXQtRf5pidaR6fyKbYtKkbvz,20278518927368
mXv18ov8qCiQGs3ieoen981LdgZzYJjJak6reK6fpNC,73594377324201
bkpk9KVsDRfrArzzmkJ9mPEvbXfQxczzQYR3QMGiR8Z,19595970452064
Gctz3akopD6MtJdqYcGDAjqLKkghD465UjwhmYG6rJ6t,5298337616943
DjrYZ1dwyhSN5u2A346piLvCVQwbpJ7iui7YCDDCftPi,20106609960098
UPSCQNqdbiaqrQou9X9y8mr43ZHzvoNpKC26Mo7GubF,1611513454395614
8aySXUFrqJz5kath6aVijrkBH8ZtxMWJGhYXwYBpKmHK,196553134239265
Fj8QKDuNcptyXT6Cub2TnjWs6zZ3qya49dw8q4DE4f8V,59822569063194
DiFeTctQSaNczJNmZ5121kYqLaBe9wDpM9sjCzTELJLE,51826416231217
CtsPhMW7Tb3oXmqfEZZTgE59oqwWCFE9ocq7MQzREShs,221780191626319
CAo1dCGYrB6NhHh5xb1cGjUiu86iyCfMTENxgHumSve4,1155017948128185
8Zh5A5Hs6bJFAyWrLGMaF2VEUVbXFANtfuw7824Hd5XV,182396497265639
EjS9FcaGPEYz61pubjmtadEkbvUBSdk65t9ApFf94Pnj,11453585231
2mMGsb5uy1Q4Dvezr8HK2E8SJoChcb2X7b61tJPaVHHd,504940359679710
ETcW7iuVraMKLMJayNCCsr9bLvKrJPDczy1CMVMPmXTc,76502849948930
DpBNTa3rMVHhnFZ2UH58ifqNiDQvEXLgJam3Urun2N86,24169759126614
GgaSrLLpHC9N3sXP4Tyw49NHS4HRooCNAqR8QgNcKAUz,34996496917120
4oWaEHupmBjCV3rQonaWp36QEK4JUbUrvihJ3X3LoFZS,37737005979267
nateKhsYkrVc992UuTfAhEEFQqr2zQfpGg9RafNkxdC,59642475780404
BRyrzHyP1YBfY8CZ4rSsafnf5G6nUrgywHd2ztMRW9Gk,23215531769601
C8H7mCWTYDX3LJUgAH5hqmVUQAwdAyHpybTZgvfCJDaM,20220418177736
Bb4BP3EvsPyBuqSAABx7KmYAp3mRqAZUYN1vChWsbjDc,20151669823043
BwG1C3hDdNq2rTDHvcMFwuokefdQvUQUXRQgwjJL86XM,20243570599221
8hTi1gRAogrsk5uZustzkFb1SKgpzxLhfYWTJ5xBV4Ww,44338113594305
2abwQG3v2xRemFxRszVHSfnjJNe9zu5X8duKgxjyLeaK,16642507024367
G3x5eb53kUpp92FWiyqRWJ3Q6e9tH3dEjGDgDWYf6was,185371122253143
ECNnK4VjcKTsABiw8FAp3JCE6tCmYyrEJthYVyMazmxi,167251298357500
HyperSPG8w4jgdHgmA8ExrhRL1L1BriRTHD9UFdXJUud,264392642480645
CQYub9hafWbzwjYyr8hBVkKqD2LxDoDD9HhDzuNNc95n,217268768985773
A6ZmvWcKGVUnwpum4GhVn7CftUJgVFNSg6biedaNKHBC,12354802613085
Ff6qhvRxVTkFRmk9aAL5vuDLgN13dPTSc6Y5ztNLFYaR,19943067382330
8iiLHGgCq66zEgcLJqQypJSKRMbXGYsNF7pwH3UdNskU,20286862392609
3z6PJ9F4Yk2vAFGzCV6cQ9MLAJfHcGtLD3rDmuim3G2g,104089821991104
ChaossRPGKnsVhX1GfPC78yq5Sqju4cMThcAsKZNz5d6,80628389291558
CHED86J97RCtt8HxhNxvUSQWPqFsiftNpWWQd9HZvqvw,6214036013238
PAD9aPiKJGcbGxuVLbc8o4Vf65GPq3fJQ7PkHWuX6a8,226010282204415
67joanjyAoVmb9nZLyX8p3Gx9tAxzXaUgHDe3kaUH4wf,228659718504464
HVXXmNKkmDZbZwj74iL2Y9Wu4SyrchBoxAfFYVAktLrG,35134717062548
AsMpvJ3DZ2Ydu1WTRMAyMH4QjSLiUG39rKzfzvtE1bWr,240374784138346
4ZUdaCPz4t1gJK6bFN2YdG6BDfxZ3ApvGMiQUmKPPtny,96511073942192
Ayk5TSNbnjQn95BGnz4ugkcm1kAtEwGcK1jRYmqrYvKN,189119711900158
D8kuk3qEiVBGwYkuMGKfBDwuRi6jjRkzjAZg45fdaRLx,222317033958632
71M936kzQRe7eWrABba6yKqPsmTMVhijQqDNQP9qM9pP,84415085930185
HzrEstnLfzsijhaD6z5frkSE2vWZEH5EUfn3bU9swo1f,1408826149955049
bay3wXfJsu9ds1zQBoQQ4DUwFGs3NP6q4gca9WM5G1z,83249631668930
BFMufPp4wW276nFzB7FVHgtY8FTahzn53kxxJaNpPGu6,149302875514280
HbQwCgDvVZF5pMdGZMdX2poPU43RyF1TxQLz6LFMqYRF,20042824104908
6XUsoRDfb5YrGy5m6HsSiMjFnSvKKbn83qfadKLeswKe,27521366901333
2zAbHUpE4MRgEwq1MWh3i9aJyzazSjUUPrmhNViqQn5W,22221835064392
A5nvA7aUhcQWBeKFaf8WC7e5Ryzp4piuWc3hkvpLfgSs,6839850867154
StkZAmzUiaUPmg6AhytiWLoRZ1bqefJSjDsqctjCmHb,13831456850008
BZBKHmW1DhBaAPojxWBQ26vGz42Y7MtNviFZWpc6nGLb,21435805690112
FttTBmXi5tmGJtiRcbVLwfMnY3ngrxw8DNSWRWMrr1WS,10001998717120
SWnetabTLirPWqEK1V1T7HkVLC5vGvfjEsb89wiqrGh,222581662108023
h3ZXAE168mNxsszYYrUfkMVSCWx6DU2Uvrx97Kb1Nch,171709824769883
CpNnGGhgVATJAbzHUXdrcGfpPiGuZyPka4QUmH7YgavX,111316928315761
CW9C7HBwAMgqNdXkNgFg9Ujr3edR2Ab9ymEuQnVacd1A,10027494238208135
KTMkUG8WCw9FdH44jLMBpc1teGafnYL6SgP4fHHbsNM,55483500901500
scb2TYPmwHgKxXJaJNq6gHKwYkVyLKx58hz9RbCKZZR,53965672969040
8uJiHDJ1b7UDQ4KFsQGJXK9nUCkokdKRJymg1Wy9nxvM,1292750823268217
7knvB4bbqHCKuNp3ef2hJWdwqoH6WAUi55NQt6LdRfkx,64591909369907
ELE1xBTfmHB7vuhSH94q23r6j3tuvTXYTqgm1u4uzMLk,54983181605623
8RXYL85eGMyuUcBCMHt5owGvasySS4FYbmKTx4CqFkpe,23553620582779
CHikKUoYJDqFK5mPPtQ4ip63n4DZbsz9gMEGJ6a3t3o,53425696400161
2nZFRYFgX8A2YVCawmbjuL4zSE6LSt5o7ZEHupB5rZBQ,83212801129859
J1xEijrZvidXX8eF9gnHprucjeMAASZ2tYkY1GXF91Tq,23573628583867
FxE69xVkPAUYh3Y2QCHJVWwVB8x1F3wbHnfKGoUvXn81,10142279262821
3GAsD6Rxr3oKFYFvXRHaUAd45ZYSAaSy7kbaPnuYfnT2,20153456428908
BNHc65eh9XMBeDSmLTi5jX8CjtUemMsKFs2zpdqsbnWW,20231147107252
1unarWPGGseFag2WfnoFv8o9P7vTPU8eHex9GinP3eY,317489589567957
GwHH8ciFhR8vejWCqmg8FWZUCNtubPY2esALvy5tBvji,243176249954496
1so1ctTM24PdU7RLZJzJKYYVYri3gjNeCd8nmHbpdXg,27564687053383
73ET66kH1rxnkTByem6r7CX37Wc1FGmmBtP5uWYzjAs9,21951849518834
